ID,EN_NAME,GR_NAME,LINES,LAT,LONG
S000,Green Buses Station,Σταθμός Υπεραστικού ΚΤΕΛ,"A1, A10, A11, A12, A13, A14, A15, A16, A17, A18, A19, A2, A3, A4, A5, A6, A7, A8, A9, B1, B10, B12, B13, B14, B15, B16, B19, B2, B3, B7, B8, B9",39.615962272858,19.912009202807
S001,Old Green Buses Station,Παλιό Κ.Τ.Ε.Λ.,"A1, A10, A11, A12, A13, A14, A15, A16, A17, A18, A19, A2, A3, A4, A5, A6, A7, A8, A9",39.624118757697,19.914247504149
S002,Customs,Τελωνείο,"A1, A10, A11, A12, A13, A14, A15, A16, A17, A18, A19, A2, A3, A4, A5, A6, A7, A8, A9",39.6258007995,19.910028481686
S003,Port Authority,Λιμεναρχείο,"A1, A10, A11, A12, A13, A14, A15, A16, A17, A18, A19, A2, A3, A4, A5, A6, A7, A8, A9",39.626651814771,19.906241358171
S005,First Commercial,Πρώτη εμπορικoύ,"A1, A10, A11, A12, A13, A14, A15, A16, A17, A18, A19, A2, A3, A4, A5, A6, A7, A8, A9",39.630216659106,19.895964313198
S010,Bridge,Γέφυρα,"A1, A10, A11, A12, A13, A14, A15, A16, A17, A18, A19, A2, A3, A4, A5, A6, A7, A8, A9",39.630141687463,19.885374346487
S011,Eforeia,Εφορεία,"A1, A10, A11, A12, A13, A14, A15, A16, A17, A18, A19, A2, A3, A4, A5, A6, A7, A8, A9",39.632144984254,19.882603654751
S013,Magazaki,Μαγαζάκι,"A1, A10, A11, A12, A13, A14, A15, A16, A17, A18, A19, A2, A3, A4, A5, A6, A7, A8, A9",39.634944311931,19.876520443001
S014,Agia Aikaterini,Αγία Αικατερίνη,"A1, A10, A11, A12, A13, A14, A15, A16, A17, A18, A19, A2, A3, A4, A5, A6, A7, A8, A9",39.636792285578,19.872301622471
S016,Kineziko,Κινέζικο,"A1, A10, A11, A12, A13, A14, A15, A16, A17, A18, A19, A2, A3, A4, A5, A6, A7, A8, A9",39.640908688286,19.863689579189
S017,Sotiriotissa,Σωτηριώτισα,"A1, A10, A11, A12, A13, A14, A15, A16, A17, A18, A19, A2, A3, A4, A5, A6, A7, A8, A9",39.645014211403,19.859445033241
S019,Pipilas,Πίπιλας,"A1, A10, A11, A12, A13, A14, A15, A16, A17, A18, A19, A2, A3, A4, A5, A6, A7, A8, A9",39.644483387843,19.853423388427
S020,Hospital,Νοσοκομείο,"A1, A10, A11, A12, A13, A14, A15, A16, A17, A18, A19, A2, A3, A4, A5, A6, A7, A8, A9",39.644718697163,19.850809566055
S021,Priftis House,Σπίτι Πρίφτη,"A1, A10, A11, A12, A13, A14, A15, A16, A17, A18, A19, A2, A3, A4, A5, A6, A7, A8, A9",39.648295421693,19.846287803769
S022,Gouvia,Γουβιά,"A1, A10, A11, A12, A13, A14, A15, A16, A17, A18, A19, A2, A3, A4, A5, A6, A7, A8, A9",39.651898772686,19.842679564211
S023,Korkyra,Κόρκυρα,"A1, A10, A11, A12, A13, A14, A15, A16, A17, A18, A19, A2, A3, A4, A5, A6, A7, A8, A9",39.654940365038,19.840616604844
S024,Govino Bay,Govino Bay,"A1, A10, A11, A12, A13, A14, A15, A16, A17, A18, A19, A2, A3, A4, A5, A6, A7, A8, A9",39.657733153837,19.839228097158
S112,Tzavros Sidari,Τζάβρος Σιδάρι,"A1, A10, A11, A15, A16, A17, A18, A2, A3, A6, A7, A8, A9",39.662093218521,19.837762067016
S113,Emeral,Emeral,"A1, A10, A11, A15, A16, A17, A18, A2, A3, A6, A7, A8, A9",39.665077687574,19.833808443202
S114,Fiori,Φιόρι,"A1, A10, A11, A15, A16, A17, A18, A2, A3, A6, A7, A8, A9",39.668679043673,19.827635617066
S115,Sgombou,Σγόμπου,"A1, A10, A11, A15, A16, A17, A18, A2, A3, A6, A7, A8, A9",39.670797136134,19.823556518391
S116,Loutsiola,Λουτσιόλα,"A1, A10, A11, A15, A16, A17, A18, A2, A3, A6, A7, A8, A9",39.670736033772,19.81963940806
S117,Mantra,Μάντρα,"A1, A10, A11, A15, A16, A17, A18, A2, A3, A6, A7, A8, A9",39.678770153717,19.808718750715
S118,Giatrones,Γιατρόνες,"A1, A11, A15, A16, A17, A18, A2, A3, A6, A7, A8",39.680605528095,19.804501170593
S148,Xylon,Ξύλον,"A1, A11, A15, A16, A17, A18, A2, A3, A6, A7, A8",39.690530112384,19.799685983612
S149,Tsolou,Τσολού,"A1, A11, A15, A16, A17, A18, A2, A3, A6, A7, A8",39.694841802892,19.792941596851
S150,Skripero Gas Station (Pamfilis),Βενζινάδικο Σκριπερού (Παμφίλη),"A1, A11, A15, A17, A18, A2, A3, A6, A7, A8",39.697733546279,19.783293174237
S151,Skripero 1,Σκριπερό 1,"A1, A11, A15, A16, A17, A18, A2, A3, A6, A7, A8",39.700124095118,19.774993017423
S152,Skripero 2,Σκριπερό 2,"A1, A11, A15, A16, A17, A18, A2, A3, A6, A7, A8",39.700669422891,19.770477514207
S153,Doukades Junction,Διασταύρωση Δουκάδων,"A1, A11, A15, A17, A18, A2, A3, A6, A7, A8",39.700733819913,19.763548252241
S154,Troubetas,Τρουμπέτας,"A1, A11, A15, A17, A18, A2, A3, A6, A7, A8",39.706573670382,19.747552376418
S155,Troubeta Junction,Διασταύρωση Τρουμπέτα,"A1, A11, A15, A17, A18, A2, A3, A6, A7, A8",39.709864600649,19.744554282432
S156,Choroepiscopoi 1,Χοροεπισκόποι 1,"A1, A11, A15, A17, A2, A3, A6, A8",39.719352705115,19.747451353668
S157,Choroepiscopoi,Χοροεπισκόποι 2 (Διασταύρωση),"A1, A11, A15, A17, A2, A3, A6, A8",39.720961091669,19.745568954982
S159,Rekini,Ρεκίνι,"A1, A11, A15, A17, A2, A3, A6, A8",39.740321819046,19.744054841453
S248,Velonades Vouloti,Βελονάδες Βουλωτή,"A1, A11, A2, A3, A6, A8",39.748784708191,19.717849069873
S249,Velonades Junction,Διασταύρωση Βελονάδων,"A1, A11, A2, A3, A6, A8",39.750901192454,19.715481390661
S251,Velonades City Hall,Βελονάδες Δημαρχείο,"A1, A11, A2, A3, A6, A8",39.753758501342,19.71748967612
S252,Livadi Pagonas,Λιβάδι Παγώνας,"A1, A11, A2, A3, A6, A8",39.767282692663,19.716585488194
S253,Livadi,Λιβάδι,"A1, A11, A2, A3, A6, A8",39.770378972555,19.71429672245
S254,Karousades Junction,Διασταύρωση Καρουσάδων,"A1, A11, A2, A3, A6, A8",39.776343664891,19.71135685835
S255,Sidari Masoutis (Arillas Junction),Σιδάρι Masoutis (Διαστύρωση Αρίλλας),"A1, A11, A2, A3, A6, A8",39.783298148455,19.708260235629
S270,Katerina Gift Shop,Κατερίνα gift shop,"A1, A11, A2, A3, A6, A8",39.788004013519,19.708573906583
S271,Sidari (Paradise Hotel),Σιδάρι (Paradise Hotel),"A1, A11, A2, A3, A6, A8",39.790549243245,19.708071103336
S272,Sidari (The Three Little Pigs),Σιδάρι (The Three Little Pigs),"A1, A11, A2, A3, A6, A8",39.792232522875,19.703345710204
S273,Sidari Papadatou,Σιδάρι Παπαδάτου,"A1, A11, A3, A6, A8",39.791257751281,19.698875363207
S274,Peroulades Junction,Διασταύρωση Περουλάδων,"A1, A11, A3, A6, A8",39.786504209176,19.690220190191
S280,Mylos Avlioton,Μύλος Αυλιωτών,"A1, A11, A3, A6, A8",39.777503661557,19.677335812701
S284,Elaiourgia Avlioton,Ελαιουργία Αυλιωτών,"A1, A6, A8",39.765980662511,19.659485116994
S539,Staousa,Στάουσα,"A1, A6, A8",39.7546426,19.6523705
S288,Agios Stefanos Bakery,Άγιος Στέφανος φούρνος,"A1, A6, A8",39.753805971284,19.645820934456
S289,Agios Stefanos Hotel Nafsika,Άγιος Στέφανος Hotel Nafsika,"A1, A8",39.753946914362,19.641237263919
S290,Agios Stefanos Church,Άγιος Στέφανος εκκλησία,"A1, A8",39.754076098549,19.639302862832
S200,Kastellanoi Gyrou,Καστελλάνοι Γύρου,"A1, A11, A18, A2, A3, A6, A7, A8",39.710282688223,19.733879873813
S201,Arkadades,Αρκαδάδες,"A1, A11, A18, A2, A3, A6, A7, A8",39.709589042516,19.73044280525
S215,Agros City Hall,Αγρός Δημαρχείο,"A1, A11, A18, A2, A3, A6, A7, A8",39.718114254487,19.726850845938
S216,Agros School,Αγρός σχολείο,"A1, A11, A18, A2, A3, A6, A7, A8",39.718958101565,19.726021210951
S217,Agros Supermarket,Αγρός super market,"A1, A11, A18, A2, A3, A6, A7, A8",39.720520487138,19.724903266396
S228,Agros Fountain,Αγρός βρύση,"A1, A11, A2, A3, A6, A8",39.722879569201,19.724133995172
S241,Agios Athanasios Pharmacy,Άγιος Αθανάσιος φαρμακείο,"A1, A11, A2, A3, A6, A8",39.724371523362,19.721398888499
S242,Agios Athanasios 1,Άγιος Αθανάσιος 1,"A1, A11, A2, A3, A6, A8",39.725573633191,19.721336817681
S243,Agios Athanasios 2,Άγιος Αθανάσιος 2,"A1, A11, A2, A3, A6, A8",39.729179042538,19.723443369863
S244,Mesaria,Μεσαριά,"A1, A11, A2, A3, A6, A8",39.739352339355,19.723870572069
S245,Kopsocheilades Junction,Διασταύρωση  Κοψοχειλάδων,"A1, A11, A2, A3, A6, A8",39.743909588077,19.721779631401
S247,Psathylas,Ψαθύλας,"A1, A11, A2, A3, A8",39.745905112629,19.717620281992
S278,Peroulades,Περουλάδες,"A1, A8",39.785513712411,19.674928253494
S279,Peroulades School,Περουλάδες Σχολείο,"A1, A8",39.788079858522,19.673077844122
S278R,Peroulades,Περουλάδες,"A1, A8",39.785404716227,19.674944311912
S274R,Peroulades Junction,Διασταύρωση Περουλάδων,"A1, A11, A3, A6, A8",39.786313518435,19.690378719113
S281,Avliotes 1,Αυλιώτες 1,"A1, A11, A3, A8",39.778121966729,19.664585297957
S282,Avliotes Center,Αυλιώτες κέντρο,"A1, A11, A3, A8",39.777131988642,19.662397845972
S538,Avliotes 2,Αυλιώτες 2,"A1, A8",39.7755574,19.6613644
S283,Avliotes 3,Αυλιώτες 3,"A1, A11, A3, A8",39.774279930375,19.660321595741
S285,Agios Stefanos Romanza Hotel,Άγιος Στέφανος Romanza Hotel,"A1, A8",39.759513618148,19.64679708251
S286,Agios Stefanos Kapetanios Apartments,Άγιος Στέφανος Kapetanios Apartments,"A1, A8",39.758232546448,19.64622085501
S287,Agios Stefanos Sunset studios,Άγιος Στέφανος Sunset studios,"A1, A8",39.7561906,19.6463001
S291,Agios Stefanos Port,Άγιος Στέφανος λιμάνι,"A1, A8",39.752451030563,19.632453980044
S250,Velonades,Βελονάδες,"A1, A2, A8",39.752262724231,19.710163077457
S276,Melitsa,Μελίτσα,A1,39.79460234442,19.697574785373
S290R,Agios Stefanos Church,Άγιος Στέφανος εκκλησία,"A1, A8",39.7540191,19.6395078
S289R,Agios Stefanos Hotel Nafsika,Άγιος Στέφανος Hotel Nafsika,"A1, A8",39.753898207528,19.641462597292
S288R,Agios Stefanos Bakery,Άγιος Στέφανος φούρνος,A1,39.753809100869,19.645968908774
S287R,Agios Stefanos Sunset studios,Άγιος Στέφανος Sunset studios,A1,39.756105767659,19.646341131353
S286R,Agios Stefanos Kapetanios Apartments,Άγιος Στέφανος Kapetanios Apartments,A1,39.758137615208,19.646294750338
S285R,Agios Stefanos Romanza Hotel,Άγιος Στέφανος Romanza Hotel,A1,39.759392994186,19.646836310515
S284R,Elaiourgia Avlioton,Ελαιουργία Αυλιωτών,"A1, A6, A8",39.765991425753,19.659645007719
S283R,Avliotes 3,Αυλιώτες 3,"A1, A8",39.774178005337,19.660463853832
S282R,Avliotes Center,Αυλιώτες κέντρο,"A1, A8",39.7771639,19.6623328
S281R,Avliotes 1,Αυλιώτες 1,"A1, A8",39.778049677266,19.66462684006
S280R,Mylos Avlioton,Μύλος Αυλιωτών,"A1, A11, A3, A6, A8",39.777393865176,19.677330439493
S279R,Peroulades School,Περουλάδες Σχολείο,"A1, A8",39.788005306533,19.672931124844
S277R,Melitsas Junction,Διασταύρωση Μελίτσας,"A1, A8",39.786941654119,19.685458235566
S276R,Melitsa,Μελίτσα,"A1, A8",39.794476561864,19.697650579951
S272R,Sidari (The Three Little Pigs),Σιδάρι (The Three Little Pigs),"A1, A11, A2, A3, A6, A8",39.792062416664,19.703319190337
S271R,Sidari (Paradise Hotel),Σιδάρι (Paradise Hotel),"A1, A11, A2, A3, A6, A8",39.790409389878,19.708027396312
S270R,Katerina Gift Shop,Κατερίνα gift shop,"A1, A11, A2, A3, A6, A8",39.788025684242,19.708449056768
S255R,Sidari Masoutis (Arillas Junction),Σιδάρι Masoutis (Διασταύρωση Αρίλλας),"A1, A11, A2, A3, A6, A8",39.783074952473,19.708161049111
S254R,Karousades Junction,Διασταύρωση Καρουσάδων,"A1, A11, A2, A3, A6, A8",39.776298662614,19.711254231935
S253R,Livadi,Λιβάδι,"A1, A11, A2, A3, A6, A8",39.770358419644,19.714128199736
S252R,Livadi Pagonas,Λιβάδι Παγώνας,"A1, A11, A2, A3, A6, A8",39.767346060361,19.716365433922
S251R,Velonades City Hall,Βελονάδες Δημαρχείο,"A1, A11, A2, A3, A6, A8",39.753824851347,19.717416022939
S249R,Velonades Junction,Διασταύρωση Βελονάδων,"A1, A11, A2, A3, A6, A8",39.750895041633,19.715315054316
S247R,Psathylas,Ψαθύλας,"A1, A11, A2, A3, A6, A8",39.745906747585,19.717472023356
S244R,Mesaria,Μεσαριά,"A1, A11, A2, A3, A6, A8",39.739365933142,19.723721587065
S243R,Agios Athanasios 2,Άγιος Αθανάσιος 2,"A1, A11, A2, A3, A6, A8",39.729281622379,19.723316656998
S242R,Agios Athanasios 1,Άγιος Αθανάσιος 1,"A1, A11, A2, A3, A6, A8",39.725691403606,19.72123377611
S241R,Agios Athanasios Pharmacy,Άγιος Αθανάσιος φαρμακείο,"A1, A11, A2, A3, A6, A8",39.724280503559,19.721450823337
S228R,Agros Fountain,Αγρός βρύση,"A1, A11, A2, A3, A6, A8",39.722824705086,19.724001643833
S217R,Agros Supermarket,Αγρός super market,"A1, A11, A18, A2, A3, A6, A7, A8",39.720473061367,19.724779671347
S216R,Agros School,Αγρός σχολείο,"A1, A11, A18, A2, A3, A6, A7, A8",39.718980315017,19.725847015675
S215R,Agros City Hall,Αγρός Δημαρχείο,"A1, A11, A18, A2, A3, A6, A7, A8",39.718088625327,19.726673547149
S201R,Arkadades,Αρκαδάδες,"A1, A11, A18, A2, A3, A6, A7, A8",39.709507991472,19.730506342509
S200R,Kastellanoi Gyrou,Καστελλάνοι Γύρου,"A1, A11, A18, A2, A3, A6, A7, A8",39.710203294698,19.73392488285
S155R,Troubeta Junction,Διασταύρωση Τρουμπέτα,"A1, A11, A15, A17, A18, A2, A3, A6, A7, A8",39.709758143727,19.744617468643
S154R,Troubetas,Τρουμπέτας,"A1, A11, A14, A15, A16, A17, A18, A2, A3, A6, A7, A8",39.706506513007,19.747491680599
S153R,Doukades Junction,Διασταύρωση Δουκάδων,"A1, A11, A14, A15, A16, A17, A18, A2, A3, A6, A7, A8",39.700712282397,19.76289250474
S152R,Skripero 2,Σκριπερό 2,"A1, A11, A14, A15, A16, A17, A18, A2, A3, A6, A7, A8",39.700583474122,19.770538264079
S151R,Skripero 1,Σκριπερό 1,"A1, A11, A14, A15, A16, A17, A18, A2, A3, A6, A7, A8",39.699832348331,19.7751620466
S150R,Skripero Gas Station (Pamfilis),Βενζινάδικο Σκριπερού (Παμφίλη),"A1, A11, A14, A15, A16, A17, A18, A2, A3, A6, A7, A8",39.697821679918,19.783423500187
S149R,Tsolou,Τσολού,"A1, A11, A14, A15, A16, A17, A18, A2, A3, A6, A7, A8",39.69480178069,19.792863111693
S148R,Xylon,Ξύλον,"A1, A11, A14, A15, A16, A17, A18, A2, A3, A6, A7, A8",39.690625654693,19.799183721293
S118R,Giatrones,Γιατρόνες,"A1, A11, A14, A15, A16, A17, A18, A2, A3, A6, A7, A8",39.679905569643,19.804467957178
S117R,Mantra,Μάντρα,"A1, A10, A11, A14, A15, A16, A17, A18, A2, A3, A6, A7, A8, A9",39.678663440786,19.808666588627
S116R,Loutsiola,Λουτσιόλα,"A1, A10, A11, A14, A15, A16, A17, A18, A2, A3, A6, A7, A8, A9",39.670644339485,19.819501675181
S115R,Sgombou,Σγόμπου,"A1, A10, A11, A14, A15, A16, A17, A18, A2, A3, A6, A7, A8, A9",39.670681666751,19.823458601985
S114R,Fiori,Φιόρι,"A1, A10, A11, A14, A15, A16, A17, A18, A2, A3, A6, A7, A8, A9",39.668616222459,19.827479055172
S113R,Emeral,Emeral,"A1, A10, A11, A14, A15, A16, A17, A18, A2, A3, A6, A7, A8, A9",39.665162809895,19.833458056918
S112R,Tzavros Sidari,Τζάβρος Σιδάρι,"A1, A10, A11, A14, A15, A16, A17, A18, A2, A3, A6, A7, A8, A9",39.661933111749,19.837679753789
S024R,Cook's Club Corfu,Cook's Club Corfu,"A1, A10, A11, A12, A13, A14, A15, A16, A17, A18, A19, A2, A3, A4, A5, A6, A7, A8, A9",39.657701060314,19.838931051877
S023R,Korkyra,Κόρκυρα,"A1, A10, A11, A12, A13, A14, A15, A16, A17, A18, A19, A2, A3, A4, A5, A6, A7, A8, A9",39.654945404339,19.840292641423
S022R,Gouvia,Γουβιά,"A1, A10, A11, A12, A13, A14, A15, A16, A17, A18, A19, A2, A3, A4, A5, A6, A7, A8, A9",39.651461259857,19.842671796004
S021R,Priftis House,Σπίτι Πρίφτη,"A1, A10, A11, A12, A13, A14, A15, A16, A17, A18, A19, A2, A3, A4, A5, A6, A7, A8, A9",39.648141179686,19.846039706601
S020R,Hospital,Νοσοκομείο,"A1, A10, A11, A12, A13, A14, A15, A16, A17, A18, A19, A2, A3, A4, A5, A6, A7, A8, A9",39.644532831327,19.850543211017
S019R,Pipilas,Πίπιλας,"A1, A10, A11, A12, A13, A14, A15, A16, A17, A18, A19, A2, A3, A4, A5, A6, A7, A8, A9",39.644363945853,19.854248884401
S017R,Sotiriotissa,Σωτηριώτισα,"A1, A10, A11, A12, A13, A14, A15, A16, A17, A18, A19, A2, A3, A4, A5, A6, A7, A8, A9",39.644753645835,19.859620892917
S016R,Kineziko,Κινέζικο,"A1, A10, A11, A12, A13, A14, A15, A16, A17, A18, A19, A2, A3, A4, A5, A6, A7, A8, A9",39.640395563479,19.86382934442
S014R,Agia Aikaterini,Αγία Αικατερίνη,"A1, A10, A11, A12, A13, A14, A15, A16, A17, A18, A19, A2, A3, A4, A5, A6, A7, A8, A9",39.636742707174,19.871779138799
S013R,Magazaki,Μαγαζάκι,"A1, A10, A11, A12, A13, A14, A15, A16, A17, A18, A19, A2, A3, A4, A5, A6, A7, A8, A9",39.634742139652,19.876345989751
S011R,Eforeia,Εφορεία,"A1, A10, A11, A12, A13, A14, A15, A16, A17, A18, A19, A2, A3, A4, A5, A6, A7, A8, A9",39.631424331853,19.883144122998
S005R,First Commercial,Πρώτη εμπορικoύ,"A1, A10, A11, A12, A13, A14, A15, A16, A17, A18, A19, A2, A3, A4, A5, A6, A7, A8, A9",39.630071931204,19.895982079554
S004R,Port,Λιμάνι,"A1, A10, A11, A17, A18, A2, A3, A6, A8",39.626670378129,19.904473873609
S003R,Port Authority,Λιμεναρχείο,"A1, A10, A11, A12, A13, A14, A15, A16, A17, A18, A19, A2, A3, A4, A5, A6, A7, A8, A9",39.626481986654,19.906022650467
S532R,Psychiatriou Square,Πλατεία Ψυχιατρείου,"A1, A10, A11, A12, A13, A14, A15, A16, A17, A18, A19, A2, A3, A4, A5, A6, A7, A8, A9, B1, B10, B12, B13, B14, B15, B16, B19, B2, B3, B7, B8, B9",39.621379337965,19.916453899358
S273R,Sidari Papadatou,Σιδάρι Παπαδάτου,"A1, A11, A3, A8",39.791159671368,19.698930861812
S009R,Potamou Junction,Διασταύρωση Ποταμού,"A1, A11, A12, A14, A15, A16, A2, A3, A4, A5, A8, A9",39.624461537211,19.890866368596
S008R,Kapoukinoi,Καπουκίνοι,"A1, A11, A12, A14, A15, A16, A2, A3, A4, A5, A8, A9",39.621521800631,19.903639299293
S007R,Platytera,Πλατυτέρα,"A1, A11, A12, A14, A15, A16, A2, A3, A4, A5, A8, A9",39.622164184543,19.910611261142
S230,Provatous,Προβατούς,"A11, A2, A6",39.758313870759,19.74318925161
S160,Agioi Douloi 1,Άγιοι Δούλοι 1,"A11, A15, A17, A2, A3, A8",39.743610900949,19.755318633445
S167,Agioi Douloi 2,Άγιοι Δούλοι 2,"A11, A15, A17, A2, A3, A8",39.745421477012,19.756383266601
S168,Agioi Douloi 3,Άγιοι Δούλοι 3,"A11, A15, A17, A2, A3, A8",39.747157667971,19.756946440567
S169,Agioi Douloi Monastery,Άγιοι Δούλοι μοναστήρι,"A11, A15, A17, A2, A3, A8",39.747588677089,19.764983954953
S170,Episcopi,Επισκοπή,"A11, A15, A17, A2, A3, A8",39.749084202585,19.769070267068
S171,Nymfon Junction,Διασταύρωση Νυμφών,"A11, A15, A17, A2, A3, A8",39.750713210194,19.770680572052
S172,Xanthates 1,Ξανθάτες 1,"A11, A15, A17, A2, A3, A8",39.755117468435,19.766139808952
S173,Xanthates 2,Ξανθάτες 2,"A11, A15, A17, A2, A3, A8",39.756035093209,19.766961759692
S174,Platonas Barbati,Πλάτωνας Μπαρμπάτη,"A11, A15, A17, A2, A3, A8",39.761970417335,19.768556683257
S175,Platonas Korovesi,Πλάτωνας Κοροβέση,"A11, A15, A17, A2, A3, A8",39.764832879434,19.770471363548
S176,Platonas Kolokythi,Πλάτωνας Κολοκύθι,"A11, A15, A17, A2, A3, A8",39.767714680446,19.773178553853
S177,Platonas Fragkaki,Πλάτωνας Φραγκάκη,"A11, A15, A17, A2, A3, A8",39.769532152621,19.776886717182
S179,Sfakera 2,Σφακερά 2,"A11, A15, A17, A2, A3, A8",39.779897302744,19.790904053628
S180,Roda Junction,Ρόδα κόμβος,"A11, A15, A2, A3, A8",39.786088892428,19.789494596763
S187,Roda Psaltou,Ρόδα Ψάλτου,"A11, A15, A2, A3, A8",39.786542174518,19.799651995621
S188,S-bikes,S-bikes,"A11, A15, A2, A3, A8",39.78836799933,19.806476154897
S189,Museum,Μουσείο,"A11, A15, A2, A3, A8",39.789101091968,19.809812099904
S190,Macheimaris,Μαχειμάρης,"A11, A15, A2, A3, A8",39.790715592153,19.813278338415
S191,ILO-ILO Café,Καφέ ILO-ILO,"A11, A2, A3, A8",39.791574426328,19.815680164902
S192,Alpha Bank,Alpha Bank,"A11, A2, A3, A8",39.793648698363,19.818752792754
S193,Salvanos,Σαλβάνος,"A11, A2, A3, A8",39.794642123522,19.820365141153
S194,Costa Botanica,Costa Botanica,"A11, A2, A3, A8",39.795619989453,19.822735346751
S193R,Salvanos,Σαλβάνος,"A11, A2, A3, A8",39.794790345462,19.820180102632
S192R,Alpha Bank,Alpha Bank,"A11, A2, A3, A8",39.79377730948,19.818618325624
S191R,ILO-ILO Café,Καφέ ILO-ILO,"A11, A2, A3, A8",39.791664268425,19.815529604722
S190R,Macheimaris,Μαχειμάρης,"A11, A15, A2, A3, A8",39.790801784126,19.8132237241
S189R,Museum,Μουσείο,"A11, A15, A2, A3, A8",39.789181179875,19.809720731884
S188R,S-bikes,S-bikes,"A11, A15, A2, A3, A8",39.788460095266,19.806520048853
S187R,Roda Psaltou,Ρόδα Ψάλτου,"A11, A15, A2, A3, A8",39.786638775403,19.799621364257
S181,Roda Beach,Ρόδα παραλία,"A11, A2, A3, A8",39.791197629074,19.786745582537
S292R,Roda Junction,Διασταύρωση Ρόδας,"A11, A2, A3",39.783066158522,19.708805584478
S183,Roda Karousades,Ρόδα Καρουσάδες,"A11, A2, A3, A8",39.785411053376,19.773226635267
S184,Agnou Junction,Διασταύρωση Άγνου,"A11, A2, A3, A8",39.786602489432,19.761629787508
S185,Astrakeri Junction,Διασταύρωση Αστρακερής,"A11, A2, A3, A8",39.787158781757,19.750376634034
S186,Evgeniou,Ευγενίου,"A11, A2, A3, A8",39.785037806139,19.74828837755
S240,Mouti Stylia,Μούτη Στύλια,"A11, A2, A3, A8",39.785527389222,19.742252685452
S239,Stylia,Στύλια,"A11, A2, A3, A8",39.78253294848,19.736537388717
S294,Koursari,Κουρσάρη,"A11, A2, A3, A8",39.786132068747,19.722089260716
S293,Agios Ioannis,Άγιος Ιωάννης,"A11, A2, A3, A8",39.78509388691,19.71914432176
S250R,Velonades,Βελονάδες,A2,39.752176900113,19.710097358868
S248R,Velonades Vouloti,Βελονάδες Βουλωτή,"A11, A2, A3, A6",39.748772374923,19.717707854585
S245R,Kopsocheilades Junction,Διασταύρωση  Κοψοχειλάδων,"A11, A2, A3, A6",39.743810067735,19.721859873541
S002R,Customs,Τελωνείο,"A10, A11, A12, A13, A14, A15, A16, A17, A18, A19, A2, A3, A4, A5, A6, A7, A8, A9",39.625729337428,19.911718238752
S292,Roda Junction,Διασταύρωση Ρόδας,"A11, A2, A3, A8",39.782802329996,19.708760256564
S186R,Evgeniou,Ευγενίου,"A11, A2, A3, A8",39.784948055336,19.748439002463
S185R,Astrakeri Junction,Διασταύρωση Αστρακερής,"A11, A2, A3, A8",39.787042559387,19.750389983907
S184R,Agnou Junction,Διασταύρωση Άγνου,"A11, A2, A3, A8",39.786507788877,19.761515143815
S183R,Roda Karousades,Ρόδα Καρουσάδες,"A11, A2, A3, A8",39.785285865366,19.773298490817
S534,Roda (Pharmacy),Ρόδα (φαρμακείο),"A11, A2, A3, A8",39.786816275364,19.789917543219
S535,Roda (Traffic Lights),Ρόδα (φανάρια),"A11, A2, A3, A8",39.787497637682,19.789030361727
S181R,Roda Beach,Ρόδα παραλία,"A11, A2, A3, A8",39.791166549679,19.7866115988
S535R,Roda (Traffic Lights),Ρόδα (φανάρια),"A11, A2, A3, A8",39.787462599461,19.788886863545
S180R,Roda Junction,Ρόδα κόμβος,"A11, A15, A2, A3, A8",39.786057464823,19.789286519538
S179R,Sfakera 2,Σφακερά 2,"A11, A15, A2, A3, A8",39.779849157063,19.79075875883
S177R,Platonas Fragkaki,Πλάτωνας Φραγκάκη,"A11, A15, A17, A2, A3, A8",39.769620953585,19.776773216464
S176R,Platonas Kolokythi,Πλάτωνας Κολοκύθι,"A11, A15, A17, A2, A3, A8",39.767795482801,19.773040918387
S175R,Platonas Korovesi,Πλάτωνας Κοροβέση,"A11, A15, A17, A2, A3, A8",39.764853965104,19.770331089944
S174R,Platonas Barbati,Πλάτωνας Μπαρμπάτη,"A11, A15, A17, A2, A3, A8",39.761991726328,19.768422585819
S173R,Xanthates 2,Ξανθάτες 2,"A11, A15, A17, A2, A3, A8",39.75607450144,19.766899137234
S172R,Xanthates 1,Ξανθάτες 1,"A11, A15, A17, A2, A3, A8",39.755008963057,19.766103177204
S171R,Nymfon Junction,Διασταύρωση Νυμφών,"A11, A15, A17, A2, A3, A8",39.750695953173,19.770533459769
S170R,Episcopi,Επισκοπή,"A11, A15, A17, A2, A3, A8",39.749089888624,19.769159401512
S169R,Agioi Douloi Monastery,Άγιοι Δούλοι μοναστήρι,"A11, A15, A17, A2, A3, A8",39.747499646797,19.764893751696
S168R,Agioi Douloi 3,Άγιοι Δούλοι 3,"A11, A15, A17, A2, A3, A8",39.747151294989,19.756838802768
S167R,Agioi Douloi 2,Άγιοι Δούλοι 2,"A11, A15, A17, A2, A3, A8",39.745467739593,19.756281729548
S160R,Agioi Douloi 1,Άγιοι Δούλοι 1,"A11, A15, A17, A2, A3, A8",39.743622897806,19.755191323841
S159R,Rekini,Ρεκίνι,"A11, A15, A17, A2, A3, A8",39.740420875863,19.743767842495
S157R,Choroepiscopoi,Χοροεπισκόποι 2 (Διασταύρωση),"A11, A15, A17, A2, A3, A8",39.720909830523,19.74547030335
S156R,Choroepiscopoi 1,Χοροεπισκόποι 1,"A11, A15, A17, A2, A3, A8",39.719323561728,19.747305045767
S199,Agios Martinos,Άγιος Μαρτίνος,A3,39.78816942328,19.848663664677
S195,Costa Aquapark,Costa Aquapark,"A11, A3",39.796080409622,19.825362398622
S196,Tzoras Market,Tzoras Market,"A11, A3",39.801938041349,19.836191307252
S197,Almyros,Αλμυρός,"A11, A3",39.80574571214,19.845296471207
S293R,Agios Ioannis,Άγιος Ιωάννης,"A11, A3",39.785212076958,19.719118541345
S294R,Koursari,Κουρσάρη,"A11, A3",39.786215565918,19.722095247689
S239R,Stylia,Στύλια,"A11, A3",39.782653342897,19.736505316942
S240R,Mouti Stylia,Μούτη Στύλια,"A11, A3",39.785599697267,19.742470586193
S540,Avliotes Gas Station,Βενζινάδικο Αυλιωτών,"A11, A3, A8",39.770142316127,19.660720441921
S178,Sfakera 1,Σφακερά 1,"A17, A3",39.777028030292,19.786762009948
S194R,Costa Botanica,Costa Botanica,"A11, A3",39.795745806585,19.822690596897
S196R,Tzoras Market,Tzoras Market,"A11, A3",39.80197201123,19.836318530898
S195R,Costa Aquapark,Costa Aquapark,"A11, A3",39.796186766612,19.825337394608
S178R,Sfakera 1,Σφακερά 1,"A11, A15, A17, A3",39.776982330488,19.78661972596
S158R,Choroepiscopoi 3,Χοροεπισκόποι 3,"A11, A17, A3",39.721982834966,19.741583563925
S025,Tzavros Dassia,Τζάβρος Δασσιά,"A12, A13, A14, A15, A19, A4, A5",39.66009739949,19.839705841003
S026,Music High School,Μουσικό γυμνάσιο,"A12, A13, A14, A15, A19, A4, A5",39.662282977872,19.842777728659
S027,Dafnilas,Δαφνήλας,"A12, A13, A14, A15, A19, A4, A5",39.66678168211,19.843506564929
S030,Iolida Corfu Resort,Iolida Corfu Resort,"A12, A13, A14, A15, A19, A4, A5",39.6757659,19.839475
S031,Ikos Dassia,Ikos Δασσιά,"A12, A13, A14, A15, A19, A4, A5",39.67968610223,19.83675357
S032,Malibu Summer Beach,Malibu Summer Beach,"A12, A13, A14, A15, A19, A4, A5",39.682020058022,19.837681754107
S033,Katomeri Junction,Διασταύρωση Κατωμέρι,"A12, A13, A14, A15, A19, A4, A5",39.685074496137,19.837790269299
S034,Magiorou,Μαγκιόρου,"A12, A13, A14, A15, A19, A4, A5",39.68825782496,19.838516400285
S036,Asteria,Αστέρια,"A12, A13, A14, A15, A19, A4, A5",39.695128541273,19.837951935233
S037,City Hall,Δημαρχείο,"A12, A13, A14, A15, A19, A4, A5",39.697405675849,19.838376266222
S038,Ypsos Port,Λιμάνι Ύψου,"A12, A13, A14, A15, A19, A4, A5",39.703792217455,19.841946763331
S040,Plagia,Πλαγιά,"A12, A13, A14, A15, A19, A4, A5",39.706173664624,19.843537349707
S042,Old Agios Markos Junction,Διασταύρωση παλαιού Άγιου Μάρκου,"A12, A13, A14, A15, A19, A4, A5",39.708252113563,19.842863921238
S052,Marilena Hotel,Marilena Hotel,"A12, A14, A15, A19, A4, A5",39.708017790013,19.845160208007
S053,Spartyla Junction,Διασταύρωση Σπαρτύλα,"A12, A14, A15, A19, A4, A5",39.70879223533,19.849912459395
S068,Stefanosplace ApartHotel,Stefanosplace ApartHotel,"A12, A19, A4, A5",39.709821237251,19.856638788817
S069,Hotel Nautilus Barbati,Hotel Nautilus Barbati,"A12, A19, A4, A5",39.712145388092,19.860884010514
S070,Super Market Nicolas,Super Market Nicolas,"A12, A19, A4, A5",39.716627388467,19.865099456862
S072,Barbati,Μπαρμπάτι,"A12, A19, A4, A5",39.719593229831,19.871105404813
S073,Pantokrator Hotel,Pantokrator Hotel,"A12, A19, A4, A5",39.720162171105,19.87472336976
S075,Glyfa,Γλυφά,"A12, A19, A4, A5",39.724069787608,19.883719965754
S076,Aquamarine Hotel,Aquamarine Hotel,"A12, A19, A4, A5",39.725513949576,19.892675519967
S077,Super Market Katerina's,Super Market Katerina's,"A12, A19, A4, A5",39.725646127962,19.896501282488
S078,Super Market Amalia,Super Market Amalia,"A12, A19, A4, A5",39.72699191344,19.898540226163
S079,Church,Εκκλησία,"A12, A19, A4, A5",39.726339528062,19.900110892697
S080,Super Market Afroditi,Super Market Αφροδίτη,"A12, A19, A4, A5",39.727476452329,19.902823739025
S081,Sunshine Corfu Hotel,Sunshine Corfu Hotel,"A12, A19, A4, A5",39.727331668074,19.904621120296
S082,Bouratika,Μπουράτικα,"A12, A19, A4, A5",39.728171892656,19.90995329956
S083,Kaminaki,Καμινάκι,"A12, A19, A4, A5",39.730727298053,19.911443151096
S084,Fakamia,Φακαμιά,"A12, A19, A4, A5",39.732430507302,19.91832687456
S085,Atlantica Nissaki Beach,Atlantica Nissaki Beach,"A12, A19, A4, A5",39.73440559525,19.92044208182
S086,Kentroma,Κέντρωμα,"A12, A19, A4",39.735363708739,19.924053001755
S087,Kavalarena,Καβαλάρενα,"A12, A19, A4",39.73871214428,19.923910407087
S088,Gimari,Γιμάρι,"A12, A19, A4",39.740091581449,19.925871961772
S089,Rachi Gimariou,Ράχη Γιμαρίου,"A12, A19, A4",39.743059140238,19.927852915527
S090,Vlachatika,Βλαχάτικα,"A12, A19, A4",39.744175090808,19.930060979132
S091,Kalami,Καλάμι,"A12, A19, A4",39.745641379491,19.93467277056
S092,Vingla,Βίγγλα,"A12, A19, A4",39.753437988551,19.934638212926
S093,Sinies Oil Mill,Σινιές Ελαιουργία,"A12, A19, A4",39.759924249862,19.933983180137
S096,Kremythas,Κρέμυθας,"A12, A19, A4",39.761947161768,19.932363702948
S097,Karyotiko,Καρυώτικο,"A12, A19, A4",39.766814792884,19.933087318405
S098,Kassiopi 1,Κασσιόπη 1,"A12, A19, A4",39.776180284764,19.928374557129
S099,Kassiopi Kogevina,Κασσιόπη Κογεβίνα,"A12, A19, A4",39.780917362279,19.924751022419
S100,Avlaki,Αυλάκι,"A12, A19, A4",39.782899776129,19.923666334734
S101,Kassiopi Junction,Κασσιόπη Κόμβος,"A12, A19, A4",39.785721867033,19.9210566072
S102,Kassiopi Center,Κασσιόπη Κέντρο,"A12, A19, A4",39.78880499302,19.920499572872
S103,Kassiopi Beach,Κασσιόπη Παραλία,"A12, A19, A4",39.78798106013,19.918196199459
S102R,Kassiopi Center,Κασσιόπη Κέντρο,"A12, A19, A4",39.788745421397,19.92048301834
S103R,Kassiopi Beach,Κασσιόπη Παραλία,"A12, A19, A4",39.787902167126,19.918188495337
S101R,Kassiopi Junction,Κασσιόπη Κόμβος,"A12, A19, A4",39.785647727164,19.920749359798
S100R,Avlaki,Αυλάκι,"A12, A19, A4",39.782867295233,19.923557129769
S099R,Kassiopi Kogevina,Κασσιόπη Κογεβίνα,"A12, A19, A4",39.780688668528,19.924634853901
S098R,Kassiopi 1,Κασσιόπη 1,"A12, A19, A4",39.775674779153,19.928364241552
S097R,Karyotiko,Καρυώτικο,"A12, A19, A4",39.766844805153,19.933008410618
S096R,Kremythas,Κρέμυθας,"A12, A19, A4",39.762026874036,19.932479431907
S093R,Sinies Oil Mill,Σινιές Ελαιουργία,"A12, A19, A4",39.75997942348,19.933856473225
S092R,Vingla,Βίγγλα,"A12, A19, A4",39.753367449875,19.934599078863
S091R,Kalami,Καλάμι,"A12, A19, A4",39.745890966699,19.935605749338
S090R,Vlachatika,Βλαχάτικα,"A12, A19, A4",39.744243314732,19.92983156749
S089R,Rachi Gimariou,Ράχη Γιμαρίου,"A12, A19, A4",39.743029849577,19.92776516418
S088R,Gimari,Γιμάρι,"A12, A19, A4",39.740167487227,19.925861302078
S087R,Kavalarena,Καβαλάρενα,"A12, A19, A4",39.738771482222,19.923936369392
S086R,Kentroma,Κέντρωμα,"A12, A19, A4",39.735327745617,19.923977903225
S085R,Atlantica Nissaki Beach,Atlantica Nissaki Beach,"A12, A19, A4, A5",39.73448184476,19.920443761677
S084R,Fakamia,Φακαμιά,"A12, A19, A4, A5",39.732482419407,19.91824355826
S083R,Kaminaki,Καμινάκι,"A12, A19, A4, A5",39.731329005881,19.911750118325
S082R,Bouratika,Μπουράτικα,"A12, A19, A4, A5",39.728262138898,19.909876927742
S081R,Sunshine Corfu Hotel,Sunshine Corfu Hotel,"A12, A19, A4, A5",39.727431571675,19.904683080168
S080R,Super Market Afroditi,Super Market Αφροδίτη,"A12, A19, A4, A5",39.727654985595,19.902412051997
S079R,Church,Εκκλησία,"A12, A19, A4, A5",39.726410401299,19.9001591721
S078R,Super Market Amalia,Super Market Amalia,"A12, A19, A4, A5",39.727044993533,19.898691380232
S077R,Super Market Katerina's,Super Market Katerina's,"A12, A19, A4, A5",39.725719251549,19.896463001355
S076R,Aquamarine Hotel,Aquamarine Hotel,"A12, A19, A4, A5",39.725559026178,19.892486213947
S075R,Glyfa,Γλυφά,"A12, A19, A4, A5",39.724132747027,19.88368216092
S073R,Pantokrator Hotel,Pantokrator Hotel,"A12, A19, A4, A5",39.720178066699,19.874383057203
S072R,Barbati,Μπαρμπάτι,"A12, A19, A4, A5",39.719690107359,19.871281660284
S070R,Super Market Nicolas,Super Market Nicolas,"A12, A19, A4, A5",39.716703505638,19.865094904029
S069R,Hotel Nautilus Barbati,Hotel Nautilus Barbati,"A12, A19, A4, A5",39.712215812116,19.860889006449
S068R,Stefanosplace ApartHotel,Stefanosplace ApartHotel,"A12, A19, A4, A5",39.70989282326,19.856608263811
S052R,Marilena Hotel,Marilena Hotel,"A12, A14, A15, A19, A4, A5",39.708165480881,19.844893767435
S042R,Old Agios Markos Junction,Διασταύρωση παλαιού Άγιου Μάρκου,"A12, A13, A14, A15, A16, A19, A4, A5",39.708245407371,19.84268153103
S040R,Plagia,Πλαγιά,"A12, A13, A14, A15, A16, A19, A4, A5",39.70662419735,19.843646687073
S038R,Ypsos Port,Λιμάνι Ύψου,"A12, A13, A14, A15, A16, A19, A4, A5",39.703595691896,19.841582223299
S037R,City Hall,Δημαρχείο,"A12, A13, A14, A15, A16, A19, A4, A5",39.697373227422,19.83820241525
S036R,Asteria,Αστέρια,"A12, A13, A14, A15, A16, A19, A4, A5",39.695137987346,19.837798651741
S034R,Magiorou,Μαγκιόρου,"A12, A13, A14, A15, A16, A19, A4, A5",39.688227757036,19.838376232581
S033R,Katomeri Junction,Διασταύρωση Κατωμέρι,"A12, A13, A14, A15, A16, A19, A4, A5",39.685050808747,19.837561955302
S032R,Malibu Summer Beach,Malibu Summer Beach,"A12, A13, A14, A15, A16, A19, A4, A5",39.68200890431,19.837438826445
S031R,Ikos Dassia,Ikos Δασσιά,"A12, A13, A14, A15, A16, A19, A4, A5",39.680078461353,19.838190121974
S030R,Iolida Corfu Resort,Iolida Corfu Resort,"A12, A13, A14, A15, A16, A19, A4, A5",39.674586911907,19.839209487404
S027R,Dafnilas,Δαφνήλας,"A12, A13, A14, A15, A16, A19, A4, A5",39.666816078799,19.8433380974
S026R,Music High School,Μουσικό γυμνάσιο,"A12, A13, A14, A15, A16, A19, A4, A5",39.662336619558,19.842611029858
S025R,Tzavros Dassia,Τζάβρος Δασσιά,"A12, A13, A14, A15, A16, A19, A4, A5",39.660223605213,19.83963650668
S010R,Bridge,Γέφυρα,"A4, A5",39.629425252233,19.886168648947
S269,Arillas,Αρίλλας 4 (τέρμα),A6,39.748951166211,19.655145907649
S267,Arillas 3,Αρίλλας 3,A6,39.743910560707,19.650753428425
S266,Arillas 2,Αρίλλας 2,A6,39.743608290248,19.659634267148
S265,Arillas 1,Αρίλλας 1,A6,39.7428662,19.6620189
S256,Gousades Junction,Διασταύρωση Γουσάδων,A6,39.780700750564,19.706668367904
S257,Magoulades Junction,Διασταύρωση Μαγουλάδων,A6,39.760732878365,19.690217725775
S259,Kavadades Church,Καββαδάδες εκκλησία,A6,39.746728485825,19.682022637078
S260,Kavadades,Καββαδάδες,A6,39.746744057053,19.681546391793
S261,Afiona - Dafni Junction,Διασταύρωση Αφιώνα - Δάφνη,"A18, A6, A7",39.740066328115,19.675948667029
S262,Afiona - Arilla Junction,Διασταύρωση Αφιώνα – Αρίλλα,"A18, A6, A7",39.73651042508,19.67302195296
S258,Magoulades,Μαγουλάδες,A6,39.755812488265,19.677422818936
S257R,Magoulades Junction,Διασταύρωση Μαγουλάδων,A6,39.760626168877,19.690295333384
S263,Afionas,Αφιώνας,A6,39.729892365992,19.658588821755
S263R,Afionas,Αφιώνας,A6,39.729849451401,19.658714913478
S262R,Afiona - Arilla Junction,Διασταύρωση Αφιώνα – Αρίλλα,"A18, A6, A7",39.736485610925,19.673187039582
S269R,Arillas,Αρίλλας 4 (τέρμα),A6,39.748949031035,19.655172680559
S267R,Arillas 3,Αρίλλας 3,A6,39.743901795605,19.650732641305
S266R,Arillas 2,Αρίλλας 2,A6,39.743572714085,19.659584981559
S265R,Arillas 1,Αρίλλας 1,A6,39.742822887641,19.662026946443
S264R,Afionas Terminus,Αφιώνας τέρμα,A6,39.722245785004,19.6602910543
S261R,Afiona - Dafni Junction,Διασταύρωση Αφιώνα - Δάφνη,"A18, A6, A7",39.739935823425,19.676027876767
S260R,Kavadades,Καββαδάδες,A6,39.746782116627,19.681417435534
S259R,Kavadades Church,Καββαδάδες εκκλησία,A6,39.74664844734,19.682240662835
S258R,Magoulades,Μαγουλάδες,A6,39.755902332679,19.677339953438
S256R,Gousades Junction,Διασταύρωση Γουσάδων,A6,39.78068139474,19.706790025916
S218,Manatades,Μανατάδες,"A18, A7",39.721678185603,19.717893799556
S219,Aspiotades,Ασπιωτάδες,"A18, A7",39.720646407234,19.712960835638
S220,Dafni 1,Δάφνη 1,"A18, A7",39.730165823839,19.698281492269
S221,Dafni 2,Δάφνη 2,"A18, A7",39.729877630063,19.695704662047
S222,Dafni 3,Δάφνη 3,"A18, A7",39.732261033477,19.69214569963
S223,Dafni 4,Δάφνη 4,"A18, A7",39.734075335554,19.691406090851
S225,Termenades,Τερμενάδες,"A18, A7",39.737065656649,19.690349281344
S226,Rachtades,Ραχτάδες,"A18, A7",39.745100360721,19.693976110046
S227,Armenades,Αρμενάδες,"A18, A7",39.744436452848,19.690187110448
S212R,Agios Georgios (Belle Helene Hotel),Άγιος Γεώργιος (Belle Helene Hotel),"A18, A7",39.719860844699,19.675596655854
S211R,Agios Georgios Beach 4,Άγιος Γεώργιος παραλία 4,"A18, A7",39.718618144201,19.677684878879
S210R,Agios Georgios Beach 3,Άγιος Γεώργιος παραλία 3,"A18, A7",39.719052929368,19.680599764162
S209R,Agios Georgios Beach 2,Άγιος Γεώργιος παραλία 2,"A18, A7",39.716698282936,19.680417042695
S208R,Agios Georgios Beach 1,Άγιος Γεώργιος παραλία 1,"A18, A7",39.715822852925,19.681234290216
S207R,Agios Georgios Church,Άγιος Γεώργιος εκκλησία,"A18, A7",39.716186503282,19.682455788124
S206R,Agios Georgios (Theo's hotel),Άγιος Γεώργιος (Theo's hotel),"A18, A7",39.718453882087,19.689567752749
S204R,Prinila Junction,Διασταύρωση Πρινίλα,"A18, A7",39.709087265979,19.700307417432
S205,Prinilas,Πρινίλας,"A18, A7",39.704571248529,19.697460277452
S204,Prinila Junction,Διασταύρωση Πρινίλα,"A18, A7",39.709117524461,19.700416652013
S203R,Pagoi,Πάγοι,"A18, A7",39.707748798897,19.702602559244
S202R,Vatonies,Βατονιές,"A18, A7",39.703291831374,19.716214618492
S224,Gavrades,Γαβράδες,"A18, A7",39.734078783265,19.707774363321
S202,Vatonies,Βατονιές,"A18, A7",39.703330915265,19.716304767499
S203,Pagoi,Πάγοι,"A18, A7",39.707834965722,19.702677420551
S206,Agios Georgios (Theo's hotel),Άγιος Γεώργιος (Theo's hotel),"A18, A7",39.718515287716,19.689681234782
S207,Agios Georgios Church,Άγιος Γεώργιος εκκλησία,"A18, A7",39.716258382105,19.682340170866
S208,Agios Georgios Beach 1,Άγιος Γεώργιος παραλία 1,"A18, A7",39.715870681777,19.681269096493
S209,Agios Georgios Beach 2,Άγιος Γεώργιος παραλία 2,"A18, A7",39.716750342729,19.680643450081
S210,Agios Georgios Beach 3,Άγιος Γεώργιος παραλία 3,"A18, A7",39.719072056095,19.680668024873
S211,Agios Georgios Beach 4,Άγιος Γεώργιος παραλία 4,"A18, A7",39.718649026097,19.677758757285
S212,Agios Georgios (Belle Helene Hotel),Άγιος Γεώργιος (Belle Helene Hotel),"A18, A7",39.719866868238,19.675785051804
S205R,Prinilas,Πρινίλας,A7,39.704651999043,19.697452221786
S227R,Armenades,Αρμενάδες,"A18, A7",39.744377617064,19.690271041915
S225R,Termenades,Τερμενάδες,"A18, A7",39.737081655726,19.690203178546
S223R,Dafni 4,Δάφνη 4,"A18, A7",39.73404304364,19.691360288119
S222R,Dafni 3,Δάφνη 3,"A18, A7",39.732272012534,19.692082679788
S221R,Dafni 2,Δάφνη 2,"A18, A7",39.729838436915,19.695738189659
S220R,Dafni 1,Δάφνη 1,"A18, A7",39.730149579354,19.69824426594
S219R,Aspiotades,Ασπιωτάδες,"A18, A7",39.72045349644,19.712833912485
S218R,Manatades,Μανατάδες,"A18, A7",39.721655343503,19.717660695885
S224R,Gavrades,Γαβράδες,"A18, A7",39.734063444487,19.707617970581
S536,Giatrones (to Paleokastritsa),Γιατρόνες (προς Παλαιοκαστρίτσα),"A10, A9",39.681284468072,19.802518884262
S119,Felekas 1,Φέλεκας 1,"A10, A9",39.680852996919,19.79687082481
S120,Felekas 2,Φέλεκας 2,"A10, A9",39.679473239943,19.790591512727
S121,Felekas 3,Φέλεκας 3,"A10, A9",39.678391260774,19.78682734983
S122,Mavromatis,Μαυρομάτη,"A10, A9",39.677062904882,19.780354441049
S123,Zomeno 1,Ζόμενο 1,"A10, A9",39.683474723569,19.757893516851
S124,Zomeno 2,Ζόμενο 2,"A10, A9",39.683880728761,19.753560400554
S126,Zomeno 3,Ζόμενο 3,"A10, A9",39.683438808958,19.751645371917
S127,Gardeladon - Doukadon Junction,Διασταύρωση Γαρδελάδων - Δουκάδων,"A10, A16, A9",39.683469525748,19.742384300998
S130,Doukadon Pharmacy,Φαρμακείο Δουκάδων,"A10, A16, A9",39.68310830822,19.739538492755
S131,Stavros,Σταυρός,"A10, A16, A9",39.680898272659,19.735358708564
S133,Lisipio,Λισίπιο,"A10, A16, A9",39.679211605216,19.728326485082
S141,Paleokastritsa Camping,Camping Παλαιοκαστρίτσας,"A10, A9",39.676264274984,19.725280521915
S142,ArtNouveau Hotel,ArtNouveau Hotel,"A10, A9",39.674365178823,19.718872124374
S143,Akrotiri Beach Resort,Akrotiri Beach Resort,"A10, A9",39.673508968752,19.716908175566
S144,Nafsika,Ναυσικά,"A10, A9",39.67480407885,19.714493891106
S145,Oceanis Paleokastritsa,Oceanis Παλαιοκαστρίτσα,"A10, A9",39.675247074785,19.712511750784
S146,Odysseus Hotel Paleokastritsa,Odysseus Hotel Paleokastritsa,"A10, A9",39.674942648754,19.707293470079
S147,Paleokastritsa Terminus,Παλαιοκαστρίτσα Τέρμα,"A10, A9",39.672158657838,19.702373567543
S132,Liapades Junction,Διασταύρωση Λιαπάδων,"A10, A9",39.673979946104,19.743473024791
S537,Liapades,Λιαπάδες,"A10, A9",39.671405521904,19.741507502917
S132R,Liapades Junction,Διασταύρωση Λιαπάδων,"A10, A9",39.673954796659,19.743609737613
S146R,Odysseus Hotel Paleokastritsa,Odysseus Hotel Paleokastritsa,"A10, A9",39.674800370374,19.70731003311
S145R,Oceanis Paleokastritsa,Oceanis Παλαιοκαστρίτσα,"A10, A9",39.675010359017,19.712230403306
S144R,Nafsika,Ναυσικά,"A10, A9",39.674750434916,19.714426473158
S143R,Akrotiri Beach Resort,Akrotiri Beach Resort,"A10, A9",39.673605090259,19.716865169859
S142R,ArtNouveau Hotel,ArtNouveau Hotel,"A10, A9",39.674273191624,19.718897857664
S141R,Paleokastritsa Camping,Camping Παλαιοκαστρίτσας,"A10, A9",39.676191390171,19.725306583015
S133R,Lisipio,Λισίπιο,"A10, A9",39.678479334021,19.72764396906
S131R,Stavros,Σταυρός,"A10, A9",39.680416798729,19.734836401083
S126R,Zomeno 3,Ζόμενο 3,"A10, A9",39.683710525076,19.752233144831
S124R,Zomeno 2,Ζόμενο 2,"A10, A9",39.683820740239,19.753483891659
S123R,Zomeno 1,Ζόμενο 1,"A10, A9",39.683376218078,19.757871815019
S122R,Mavromatis,Μαυρομάτη,"A10, A9",39.676971797816,19.780273635481
S121R,Felekas 3,Φέλεκας 3,"A10, A9",39.678141640396,19.786515630862
S120R,Felekas 2,Φέλεκας 2,"A10, A9",39.679430389149,19.790887121899
S119R,Felekas 1,Φέλεκας 1,"A10, A9",39.68075911675,19.796777807078
S536R,Giatrones (to Paleokastritsa),Γιατρόνες (προς Παλαιοκαστρίτσα),"A10, A9",39.681181258994,19.802545048818
S130R,Doukadon Pharmacy,Φαρμακείο Δουκάδων,"A10, A9",39.683011164788,19.739536780643
S127R,Gardeladon - Doukadon Junction,Διασταύρωση Γαρδελάδων - Δουκάδων,"A10, A16, A9",39.683393369976,19.742370454182
S333,Liapades - Kanakades Junction,Διασταύρωση Λιαπάδων - Κανακάδων,"A10, A9, B16, B19",39.664592494558,19.765649265986
S334R,Giannades Junction,Διασταύρωση Γιαννάδων,"A10, A9, B16, B19",39.640156918958,19.795594372904
S335R,Temploni Junction,Διασταύρωση Τεμπλόνι,"A10, A9, B16, B19",39.637637194336,19.798751402597
S336R,Livadi 4,Λιβάδι 4,"A10, A9, B16, B19",39.632953238093,19.801242241597
S337R,Livadi 3,Λιβάδι 3,"A10, A9, B16, B19",39.630267116541,19.803078652437
S338R,Livadi 2,Λιβάδι 2,"A10, A9, B16, B19",39.629350545499,19.803810544189
S339R,Livadi 1,Λιβάδι 1,"A10, A9, B16, B19",39.623772352742,19.808075540531
S314R,Kefalovrysο,Κεφαλόβρυσο 1 (κόμβος),"A10, A9, B14, B15, B16, B19",39.617338234469,19.820711824855
S313R,Moraiti Camps,Κατασκηνώσεις Μωραίτη,"A10, A9, B14, B15, B16, B19",39.619086454656,19.825520704963
S312R,Vasilika,Bασιλικά,"A10, A9, B14, B15, B16, B19",39.620391634519,19.829844465749
S311R,Aqualand Corfu Water Park,Aqualand Corfu Water Park,"A10, A9, B14, B15, B16, B19",39.618194166754,19.836757663967
S310R,Afra Junction,Διασταύρωση Άφρας,"A10, A9, B14, B15, B16, B19",39.617898435062,19.839361981929
S308R,Peleka Junction,Διασταύρωση Πέλεκα,"A10, A9, B14, B15, B16, B19",39.608718534639,19.854703809532
S307R,Doulou,Δούλου,"A10, A9, B14, B15, B16, B19",39.606719909279,19.858863655449
S305R,Triklino,Τρίκλινο,"A10, A9, B14, B15, B16, B19",39.607044740051,19.869806298924
S303R,Λαυράνου,Λαυράνου,"A10, A9, B14, B15, B16, B19",39.609835192987,19.87838022363
S302R,Gefyraki,Γεφυράκι,"A10, A9, B14, B15, B16, B19",39.611211249582,19.882398055389
S301R,Alepou,Αλεπού,"A10, A9, B14, B15, B16, B19",39.612745702415,19.885985238616
S300R,Gerogiannis,Γερογιάννης,"A10, A9, B14, B15, B16, B19",39.613474632604,19.889108314226
S299R,Mamaloi Alepou,Μάμαλοι Αλεπούς,"A10, A9, B14, B15, B16, B19",39.615959837093,19.895832549479
S298R,Chavai (Folies Apartments),Χαβάη (Folies Apartments),"A10, A9, B14, B15, B16, B19",39.616839327777,19.897620338145
S297R,Kato Koulines,Κάτω Κουλίνες,"A10, A9, B14, B15, B16, B19",39.615339179325,19.903869810302
S161,Valaneio,Βαλανειό,A11,39.734678609163,19.756750995131
S231,Agrafoi Junction,Διασταύρωση Αγραφών,A11,39.7673533409,19.749209679714
S232,Agrafoi,Αγραφοί,A11,39.766431517883,19.742115122436
S231R,Agrafoi Junction,Διασταύρωση Αγραφών,A11,39.767239359503,19.749090202919
S233,Kavalouri,Καβαλούρι,A11,39.775862373981,19.752970174085
S234,Karousades Iroon,Καρουσάδες Ηρώων,A11,39.779476723844,19.744568417585
S234R,Karousades Iroon,Καρουσάδες Ηρώων,A11,39.77938943895,19.744592361143
S236,Karousades Post Office,Καρουσάδες ταχυδρομείο,A11,39.780891831441,19.744467210963
S237,Karousades Center,Καρουσάδες κέντρο,A11,39.781693895166,19.745024549369
S238,Karousades Taverna,Καρουσάδες ταβέρνα,A11,39.78341034219,19.745502376272
S229,Drosato,Δροσάτο,A11,39.733477545256,19.736840397298
S232R,Agrafoi,Αγραφοί,A11,39.766339754637,19.742045684923
S233R,Kavalouri,Καβαλούρι,A11,39.77580945722,19.752710833575
S235R,Antipernoi,Αντιπερνοί,A11,39.776352472219,19.741315027323
S236R,Karousades Post Office,Καρουσάδες ταχυδρομείο,A11,39.781043539532,19.74451037351
S237R,Karousades Center,Καρουσάδες κέντρο,A11,39.78172447629,19.744883764712
S238R,Karousades Taverna,Καρουσάδες ταβέρνα,A11,39.783523209567,19.74546144609
S230R,Provatous,Προβατούς,A11,39.758306213833,19.743044572681
S229R,Drosato,Δροσάτο,A11,39.733488890044,19.736871242701
S104,Imerolia,Ημερολιά,"A12, A19",39.788110008895,19.909569695783
S105,Imerolia School,Ημερολιά σχολείο,"A12, A19",39.788333298043,19.909356364105
S533,Apraos,Απραός,"A12, A19",39.7963229,19.8886351
S106,Kaminaki,Καμινάκι,"A12, A19",39.798455754999,19.883263792833
S107,Agiou Ilia Junction,Διασταύρωση Αγίου Ηλία,"A12, A19",39.804373526995,19.871484939313
S108,Agios Ilias (Center),Άγιος Ηλίας (κέντρο),"A12, A19",39.8017762262,19.870380003943
S109,Agios Ilias (Church),Άγιος Ηλίας (εκκλησία),"A12, A19",39.799265799003,19.873471801078
S107R,Agiou Ilia Junction,Διασταύρωση Αγίου Ηλία,"A12, A19",39.804280654919,19.871484314623
S106R,Kaminaki,Καμινάκι,"A12, A19",39.798277587276,19.883280621479
S533R,Apraos,Απραός,"A12, A19",39.796261840969,19.888684580103
S105R,Imerolia School,Ημερολιά σχολείο,"A12, A19",39.78826260296,19.909175297242
S104R,Imerolia,Ημερολιά,"A12, A19",39.788036944713,19.909456710156
S041,New Settlement Agios Markos,Νέος οικισμός Αγίου Μάρκου,"A13, A14, A15, A16",39.705735322275,19.833152445683
S043,Agios Markos 1,Άγιος Μάρκος 1,"A13, A16",39.70851584987,19.839050446939
S044,Agios Markos 2,Άγιος Μάρκος 2,A13,39.70991343362,19.829451416386
S045,Agios Markos 3,Άγιος Μάρκος 3,"A13, A16",39.71048043953,19.826085105942
S046,Agios Markos 4,Άγιος Μάρκος 4,A13,39.709380875804,19.823336129858
S047,Ano Korakiana 1,Άνω Κορακιάνα 1,A13,39.70800895032,19.802002145014
S048,Ano Korakiana 2,Άνω Κορακιάνα 2,A13,39.706554099953,19.794862644542
S049,Ano Korakiana 3,Άνω Κορακιάνα 3,A13,39.705238945873,19.792938276503
S050,Ano Korakiana 4,Άνω Κορακιάνα 4,A13,39.704699409435,19.791373352577
S050R,Ano Korakiana 4,Άνω Κορακιάνα 4,"A13, A16",39.704672583282,19.791396151353
S049R,Ano Korakiana 3,Άνω Κορακιάνα 3,"A13, A16",39.705213151697,19.792957722517
S048R,Ano Korakiana 2,Άνω Κορακιάνα 2,"A13, A16",39.706531401511,19.794876055587
S047R,Ano Korakiana 1,Άνω Κορακιάνα 1,"A13, A16",39.707990851878,19.802004237046
S046R,Agios Markos 4,Άγιος Μάρκος 4,"A13, A16",39.709359209997,19.823350211455
S044R,Agios Markos 2,Άγιος Μάρκος 2,"A13, A16",39.709895625692,19.829423638126
S054,Spartylas,Σπαρτύλας,"A14, A15",39.72102741384,19.841295765392
S055,Strinila Junction,Διασταύρωση Στρινίλας,"A14, A15",39.727383468887,19.830816403458
S064,Strinylas,Στρινύλας,A14,39.743626501953,19.837095539268
S065,Petaleia,Πετάλεια,A14,39.750188315401,19.840080566899
S066,Eriva,Ερίβα,A14,39.757665471047,19.834375549601
S067,Lauki,Λαυκί,A14,39.774069431586,19.846116909311
S055R,Strinila Junction,Διασταύρωση Στρινίλας,A14,39.727368228474,19.83072320184
S057,Zgourades,Σγουράδες,"A14, A15",39.732124688583,19.822299691821
S062,Zygos,Ζυγός,"A14, A15",39.726558767063,19.801781186941
S063,Sokraki,Σωκράκι,A14,39.717969253894,19.795209170541
S061,Agios Panteleimonas,Άγιος Παντελεήμων,A15,39.773549131936,19.821906630447
S573,Fourni,Φουρνί,A15,39.766694600842,19.82350366318
S059,Episkepsi 1,Επίσκεψη 1,A15,39.758885924833,19.816494831937
S058,Omali,Ομαλή,A15,39.744158133825,19.817812528661
S571,Doukadon Junction (to Doukades),Διασταύρωση Δουκάδων (προς Δουκάδες),A16,39.700610017056,19.763278741214
S129,Doukades,Δουκάδες,A16,39.689843821348,19.740370193633
S128,Gardelades,Γαρδελάδες,A16,39.680841069531,19.745124428022
S134,Lakones,Λάκωνες,A16,39.681337045983,19.707636614383
S135,Makrades Junction,Διασταύρωση Μακράδων,A16,39.687443447333,19.689983577372
S136,Krini,Κρήνη,A16,39.684302494463,19.686279515771
S137,Makrades,Μακράδες,A16,39.688484322927,19.688659528699
S138,Vistonas,Βίστωνας,A16,39.69077436662,19.696584873529
S139,Aleimmatades Junction,Διασταύρωση Αλειμματάδες,A16,39.697578292315,19.732212962378
S140,Aleimmatades,Αλειμματάδες,A16,39.69882049903,19.728348279195
S134R,Lakones,Λάκωνες,A16,39.681268614542,19.707656359672
S139R,Aleimmatades Junction,Διασταύρωση Αλειμματάδες,A16,39.69793668053,19.732115499479
S162,Kyprianades,Κυπριανάδες,A17,39.740917023112,19.766309120474
S163,Klimatia (Church),Κληματιά (εκκλησία),A17,39.742199434694,19.783790285345
S164,Klimatia (Terminus),Κληματιά (τέρμα),A17,39.740550934912,19.78423635715
S163R,Klimatia (Church),Κληματιά (εκκλησία),A17,39.742258926471,19.783749588184
S165,Nymfes 1,Νυμφές 1,A17,39.754419191752,19.783158234046
S166,Nymfes,Νυμφές 2 (τέρμα),A17,39.755868050891,19.787218036972
S158,Choroepiscopoi 3,Χοροεπισκόποι 3,A17,39.722012316851,19.741672710408
S165R,Nymfes 1,Νυμφές 1,A17,39.754439812371,19.783148846314
S110,Loutses 1,Λούτσες 1,A19,39.786790857339,19.876163069218
S111,Loutses 2,Λούτσες 2,A19,39.785230241917,19.879717099832
S389R,Mesongi 1 Junction (to City),Μεσογγή 1 κόμβος (προς πόλη),"B1, B12, B2, B3, SCHOOL",39.478767471377,19.926758536372
S396R,Kreopoleio,Κρεοπωλείο,"B1, B12, B2, B3, B8, SCHOOL",39.477029255426,19.921570287682
S397R,City Hall,Δημαρχείο,"B1, B12, B2, B3, B8, SCHOOL",39.477115833706,19.91682963463
S398R,Lioumba to Strongyli,Λιούμπα προς πόλη,"B1, B12, B2, B3, B8, SCHOOL",39.477259044319,19.912846202597
S522,Agios Mathaios 7,Άγιος Ματθαίος 7,"B8, SCHOOL",39.482752296975,19.890877986934
S521,Agios Mathaios 6,Άγιος Ματθαίος 6,"B8, SCHOOL",39.491754623466,19.879505507174
S520,Agios Mathaios 5,Άγιος Ματθαίος 5,"B8, SCHOOL",39.492557929927,19.877428777957
S519,Agios Mathaios 4,Άγιος Ματθαίος 4,"B8, SCHOOL",39.493036364342,19.875076826198
S518,Agios Mathaios 3,Άγιος Ματθαίος 3,"B8, SCHOOL",39.494691592955,19.872797341414
S517,Agios Mathaios 2,Άγιος Ματθαίος 2,"B8, SCHOOL",39.496682559051,19.872458163056
S516,Agios Mathaios 1,Άγιος Ματθαίος 1,"B8, SCHOOL",39.498096013933,19.87438142005
S515,Vouniatades 2,Βουνιατάδες 2,"B8, SCHOOL",39.514208386849,19.878824496837
S514,Vouniatades 1,Βουνιατάδες 1,"B8, SCHOOL",39.516271280441,19.878570289352
S511R,Foulia,Φούλια,"B13, B8, B9, SCHOOL",39.539297390997,19.872125776914
S512R,Kato Garouna Junction,Διασταύρωση Κάτω Γαρούνα,"B8, B9, SCHOOL",39.53600707855,19.867582432102
S513,Kato Garouna,Κάτω Γαρούνα,"B8, B9, SCHOOL",39.538133674163,19.864071726877
S512,Kato Garouna Junction,Διασταύρωση Κάτω Γαρούνα,"B8, B9, SCHOOL",39.536046381669,19.867534152341
S511,Foulia,Φούλια,"B8, B9, SCHOOL",39.539301527973,19.872058721691
S510,Ano Garouna,Άνω Γαρούνα,"B8, B9, SCHOOL",39.547147902839,19.870601839427
S509,Ano Garouna Junction,Διασταύρωση Άνω Γαρούνα,"B8, B9, SCHOOL",39.552785830528,19.862768882718
S504,Kastellanoi,Καστελλάνοι,"B8, B9, SCHOOL",39.562711323034,19.866029948549
S801,Σχολείο Καστελλάνων,Σχολείο Καστελλάνων,"B10, B14, SCHOOL",39.563559608683,19.86644828131
S452,Rouvelas (Ringglades Center),Ρούβελας (κέντρο Ριγγλάδων),"B1, SCHOOL",39.423078386647,20.062561724721
S451R,Spartera,Σπαρτερά,SCHOOL,39.378750910484,20.09346275343
S450R,Dragotina,Δραγωτινά,"B3, SCHOOL",39.383723759491,20.081772291035
S449R,Neochori,Νεοχώρι,"B3, SCHOOL",39.393916437569,20.076059217854
S448R,Palaiochori 1,Παλαιοχώρι 1,"B3, SCHOOL",39.390585530236,20.067439707411
S447R,Palaiochori 2,Παλαιοχώρι 2,"B3, SCHOOL",39.388805028542,20.06628767589
S446R,Kritika,Κρητικά,"B3, SCHOOL",39.393662543905,20.052540217346
S800,Γυμνάσιο Λευκίμμης,Γυμνάσιο Λευκίμμης,SCHOOL,39.421630662159,20.071789136537
S431,Marathias 3,Μαραθιάς 3,"B1, B3, SCHOOL",39.428501850716,19.995374435069
S432,Perivoli Junction,Διασταύρωση Περιβολίου,"B1, B3, SCHOOL",39.425050032256,20.002099748377
S433,Perivoli 1,Περιβόλι 1,"B1, B3, SCHOOL",39.424061411591,20.00591680595
S434,Perivoli 2,Περιβόλι 2,"B1, B3, SCHOOL",39.423598504532,20.009377760155
S435,Perivoli 3 Center,Περιβόλι 3 Κέντρο,"B1, B3, SCHOOL",39.420764207304,20.014310678541
S436,Vitalades Junction (Gouli),Διασταύρωση Βιταλάδων (Γουλή),"B1, B3, SCHOOL",39.418767512785,20.01999623671
S437,Vitalades,Βιταλάδες,"B1, B3, SCHOOL",39.410802739371,20.021580723621
S439,Vitaladon Junction (Varelis),Διασταύρωση Βιταλάδων (Βάρελης),"B1, B3, SCHOOL",39.418840511543,20.033305797131
S440,Lefkimmi,Λευκίμμη 1 (Supermarket Masoutis),"B1, B3, SCHOOL",39.422182060287,20.043722492691
S575,Chlomatiana,Χλοματιανά,"B12, B2, SCHOOL",39.462265340079,19.919774067245
S400,Vragkaniotika 1,Βραγκανιώτικα 1,"B1, B12, B2, B3, SCHOOL",39.466307978355,19.912587310557
S401,Vragkaniotika 2,Βραγκανιώτικα 2,"B1, B12, B2, B3, SCHOOL",39.464835980549,19.912747208412
S546,Vragkaniotika,Βραγκανιώτικα 3 (Mavroudis Olive oil),"B1, B12, B2, B3, SCHOOL",39.461517124469,19.91345882068
S402,Alevropari 1,Αλευροπάρι 1,"B1, B12, B2, B3, SCHOOL",39.459049719453,19.914518416385
S403,Alevropari 2,Αλευροπάρι 2,"B1, B12, B2, B3, SCHOOL",39.455750234983,19.919432251285
S545,Alevropari 3,Αλευροπάρι 3,"B1, B12, B2, B3, SCHOOL",39.453817575412,19.923022691003
S404,Linia 1,Λίνια 1,"B1, B12, B2, B3, SCHOOL",39.447715258909,19.930780577977
S405,Linia 2,Λίνια 2,"B1, B12, B2, B3, SCHOOL",39.446867655182,19.932770219058
S406,Linia,Λίνια 3 (Super Market),"B1, B12, B2, B3, SCHOOL",39.443826632127,19.940855653801
S407,Linia 4 Chlomos Junction,Λίνια 4 Διασταύρωση Χλωμού,"B1, B12, B2, B3, SCHOOL",39.443151795876,19.9437995591
S408,Chlomos,Χλωμός,"B12, B2, SCHOOL",39.455207867015,19.956058861311
S410,Agiou Georgiou Junction,Διασταύρωση Αγίου Γεωργίου,"B1, B12, B2, B3, SCHOOL",39.442924324617,19.954443112084
S411,Agios Georgios 1,Άγιος Γεώργιος 1,SCHOOL,39.428110538528,19.948886498293
S412,Agios Georgios 2,Άγιος Γεώργιος 2,SCHOOL,39.425832998741,19.947890166307
S413,Agios Georgios,Άγιος Γεώργιος 3 (εκκλησία),SCHOOL,39.425358293453,19.95332716375
S414,Agios Georgios,Άγιος Γεώργιος 5 (Kafesas),SCHOOL,39.424590983752,19.957765482636
S417,Argyrades School,Σχολείο Αργυράδων,"B1, B12, B2, B3, SCHOOL",39.437936663718,19.96770944398
S425,Agios Nikolaos,Άγιος Νικόλαος 3 (κέντρο),"B12, B2, SCHOOL",39.441497544206,19.997728949366
S574,Agios Nikolaos 2,Άγιος Νικόλαος 2,"B12, B2, SCHOOL",39.441283285222,19.996327144499
S424R,Agios Nikolaos 1,Άγιος Νικόλαος 1,"B12, B2, SCHOOL",39.444914917343,19.99402640112
S426,Petriti 1,Πετριτή 1,"B12, B2, SCHOOL",39.451123719321,19.995109533412
S427,Petriti,Πετριτή 2 (τέρμα),"B12, B2, SCHOOL",39.453446348558,19.999824032253
S426R,Petriti 1,Πετριτή 1,"B12, B2, SCHOOL",39.451159963789,19.995081370218
S421,Volimies,Βολιμιές,"B12, B2, SCHOOL",39.450985863786,19.983430929964
S420,Neochoraki,Νεοχωράκι,"B12, B2, SCHOOL",39.440919131073,19.979481761126
S419R,Argyrades 2 Center,Αργυράδες 2 Κέντρο,"B1, B12, B2, B3, SCHOOL",39.436949220351,19.975935612499
S418R,Argyrades 1,Αργυράδες 1,"B1, B12, B2, B3, SCHOOL",39.437395657849,19.970264693484
S417R,Argyrades School,Σχολείο Αργυράδων,"B1, B12, B2, B3, SCHOOL",39.43831847337,19.96733875873
S509R,Ano Garouna Junction,Διασταύρωση Άνω Γαρούνα,"B13, B8, B9, SCHOOL",39.552763081582,19.862766200509
S504R,Kastellanoi,Καστελλάνοι,"B13, B8, B9, SCHOOL",39.562652391,19.866037995175
S440R,Lefkimmi,Λευκίμμη 1 (Supermarket Masoutis),"B1, B3, SCHOOL",39.422242199057,20.043431737472
S439R,Vitaladon Junction (Varelis),Διασταύρωση Βιταλάδων (Βάρελης),"B1, B3, SCHOOL",39.418993844775,20.033472094086
S436R,Vitalades Junction (Gouli),Διασταύρωση Βιταλάδων (Γουλή),"B1, B3, SCHOOL",39.418880169616,20.019388894685
S435R,Perivoli 3 Center,Περιβόλι 3 Κέντρο,"B1, B3, SCHOOL",39.420903692944,20.014274074219
S434R,Perivoli 2,Περιβόλι 2,"B1, B3, SCHOOL",39.423644087011,20.009377089603
S433R,Perivoli 1,Περιβόλι 1,"B1, B3, SCHOOL",39.423962854633,20.007011133561
S432R,Perivoli Junction,Διασταύρωση Περιβολίου,"B1, B3, SCHOOL",39.425254338779,20.001772086324
S802,Marathias (Center),Μαραθιάς (Κέντρο),SCHOOL,39.426931735147,19.994999729338
S431R,Marathias 3,Μαραθιάς 3,"B1, B3, SCHOOL",39.428605957873,19.99526982892
S430R,Marathias 2,Μαραθιάς 2,"B1, B3, SCHOOL",39.429686228569,19.991909357224
S429R,Marathias 1,Μαραθιάς 1,"B1, B3, SCHOOL",39.430747940323,19.988102186618
S428R,Argyrades 3,Αργυράδες 3,"B1, B3, SCHOOL",39.434220918461,19.979168850952
S652,Άγιος Γεώργιος 10,Άγιος Γεώργιος 10,"B1, SCHOOL",39.42589822076,19.947332224281
S410R,Agiou Georgiou Junction,Διασταύρωση Αγίου Γεωργίου,"B1, B12, B2, B3, SCHOOL",39.442988536651,19.954464569756
S407R,Linia 4 Chlomos Junction,Λίνια 4 Διασταύρωση Χλωμού,"B1, B12, B2, B3, SCHOOL",39.443259933078,19.943830921833
S406R,Linia,Λίνια 3 (Super Market),"B1, B12, B2, B3, SCHOOL",39.443883075848,19.940897898591
S405R,Linia 2,Λίνια 2,"B1, B12, B2, B3, SCHOOL",39.446933417009,19.932793688386
S404R,Linia 1,Λίνια 1,"B1, B12, B2, B3, SCHOOL",39.447700095456,19.93094319405
S545R,Alevropari 3,Αλευροπάρι 3,"B1, B12, B2, B3, SCHOOL",39.453824824026,19.923120591629
S403R,Alevropari 2,Αλευροπάρι 2,"B1, B12, B2, B3, SCHOOL",39.45577049682,19.919524902776
S402R,Alevropari 1,Αλευροπάρι 1,"B1, B12, B2, B3, SCHOOL",39.459081411119,19.914639148623
S546R,Vragkaniotika,Βραγκανιώτικα 3 (Mavroudis Olive oil),"B1, B12, B2, B3, SCHOOL",39.461404207163,19.91407653975
S401R,Vragkaniotika 2,Βραγκανιώτικα 2,"B1, B12, B2, B3, SCHOOL",39.464847369426,19.912829686337
S400R,Vragkaniotika 1,Βραγκανιώτικα 1,"B1, B12, B2, B3, SCHOOL",39.466536529412,19.912687442242
S399R,Ano Mesongi,Άνω Μεσογγή,"B1, B12, B2, B3, SCHOOL",39.474819513931,19.912112310334
S388,Mesongi Junction (to Boukari),Μεσογγή κόμβος (προς Μπούκαρη),"B1, B12, B2, B7, B8, SCHOOL",39.478723130497,19.927034501783
S342,Private MOT,Ιδιωτικό ΚΤΕΟ,"B1, B10, B12, B13, B14, B15, B16, B19, B2, B3, B7, B8, B9",39.613166753443,19.906361092824
S344,Kallithea,Καλλιθέα,"B1, B10, B12, B13, B14, B15, B16, B19, B2, B3, B7, B8, B9",39.609321843337,19.899139522713
S345,Kanalia,Κανάλια,"B1, B10, B12, B13, B14, B15, B16, B19, B2, B3, B7, B8, B9",39.606731977168,19.894763169218
S347,Tsarou,Τσάρου,"B1, B10, B12, B13, B14, B15, B16, B19, B2, B3, B7, B8, B9",39.599415054934,19.893658288006
S349,Vryoni (Vyrou Junction),Βρυώνη (Διασταύρωση Βυρού),"B1, B10, B12, B13, B14, B15, B16, B19, B2, B3, B7, B8, B9",39.592097985683,19.892591393302
S544,Vryoni Agathou (to Kavos),Βρυώνη Αγάθου (προς Κάβο),"B1, B12, B13, B2, B3, B7",39.590560607093,19.892892385211
S350,Junction (Masoutis),Κόμβος (Masoutis),"B1, B12, B13, B2, B3, B7",39.590628758335,19.895823602173
S351,Agia Kyriaki,Αγία Κυριακή,"B1, B12, B13, B2, B3, B7",39.589059122348,19.900420501948
S352,Pakia,Πάκια,"B1, B12, B13, B2, B3, B7",39.586213172696,19.902596779569
S354,Hotel Argo,Hotel Argo,"B1, B12, B13, B2, B3, B7",39.585756418823,19.910282665472
S355,Aegli Hotel,Aegli Hotel,"B1, B12, B13, B2, B3, B7",39.586123852345,19.914078265425
S357,Perama,Πέραμα,"B1, B12, B13, B2, B3, B7",39.579844020859,19.913147853724
S358,Coco Banana,Coco Banana,"B1, B12, B13, B2, B3, B7",39.576812540158,19.913363349279
S359,Eleals Boutique Hotel,Eleals Boutique Hotel,"B1, B12, B13, B2, B3, B7",39.573094424967,19.911449038683
S360,Aeolos Beach Resort,Aeolos Beach Resort,"B1, B12, B13, B2, B3, B7",39.568418438443,19.909233598695
S361,Kaiser's Bridge,Γέφυρα Kaiser,"B1, B12, B13, B2, B3, B7",39.564538098692,19.91014389252
S363,El Greco Hotel,El Greco Hotel,"B1, B12, B13, B2, B3, B7",39.558748623267,19.91125165015
S364,Angsana Corfu,Angsana Corfu,"B1, B12, B13, B2, B3, B7",39.554893480457,19.912055418184
S367,Benitses (Center),Μπενίτσες (κέντρο),"B1, B12, B13, B2, B3, B7",39.546321319365,19.913503049381
S368,Benitses (Potamaki Beach Hotel),Μπενίτσες (Potamaki Beach Hotel),"B1, B12, B13, B2, B3, B7",39.544431174515,19.914414388078
S369,Benitses (Avra),Μπενίτσες (Avra),"B1, B12, B13, B2, B3, B7",39.540999522641,19.915148083583
S372,Karina Hotel,Ξενοδοχείο Καρίνα,"B1, B12, B13, B2, B3, B7",39.534878440334,19.918433828154
S373,Spyros,Σπύρος,"B1, B12, B13, B2, B3, B7",39.52986751412,19.921041481151
S374,Tsaki (Bellos Beach Hotel),Τσάκι (Bellos Beach Hotel),"B1, B12, B13, B2, B3, B7",39.524723331286,19.922819585809
S375,Belvedere hotel,Belvedere hotel,"B1, B12, B13, B2, B3, B7",39.521968981817,19.922715733551
S376,Valmar Hotel,Valmar Hotel,"B1, B12, B13, B2, B3, B7",39.519101587128,19.923402722727
S377,Aurora Beach Hotel,Aurora Beach Hotel,"B1, B12, B13, B2, B3, B7",39.515855026145,19.924170343814
S378,Avali Hotel,Avali Hotel,"B1, B12, B13, B2, B3, B7",39.512133672578,19.92299338435
S379,MarBella Hotel (Junction),MarBella Hotel (διασταύρωση),"B1, B12, B13, B2, B3, B7",39.50875963306,19.923679371952
S381,MarBella Nido,MarBella Nido,"B1, B12, B13, B2, B3, B7",39.505729088465,19.923586055341
S382,Veroniki Apartments,Veroniki Apartments,"B1, B12, B13, B2, B3, B7",39.500260115669,19.924956413069
S384,Delfinia Hotels,Delfinia Hotels,"B1, B12, B13, B2, B3, B7",39.487964741451,19.925773585907
S385,Moraitika (Coop),Μωραίτικα (Coop),"B1, B12, B13, B2, B3, B7",39.48603855551,19.925016426844
S386,Hotel Alkionis,Hotel Alkionis,"B1, B12, B13, B2, B3, B7",39.484139477894,19.924932169634
S387,Moraitika Paizanou,Μωραίτικα Παιζάνου,"B1, B12, B13, B2, B3, B7",39.483128901351,19.92465558454
S389,Mesongi Junction (to Kavos),Μεσογγή κόμβος (προς Κάβο),"B1, B12, B13, B2, B3, B7, B8",39.478619345379,19.926473440282
S396,Kreopoleio,Κρεοπωλείο,"B1, B12, B13, B2, B3, B8",39.477075320525,19.921538101175
S397,City Hall,Δημαρχείο,"B1, B12, B13, B2, B3, B8",39.477172323955,19.916663512357
S398,Lioumba to Strongyli,Λιούμπα προς Στρογγυλή,"B1, B12, B13, B2, B3, B8",39.477318952532,19.91285729027
S399,Ano Mesongi,Άνω Μεσογγή,"B1, B12, B13, B2, B3, B8",39.474812707118,19.912022406704
S418,Argyrades 1,Αργυράδες 1,"B1, B12, B2, B3",39.437351120127,19.970312302693
S419,Argyrades 2 Center,Αργυράδες 2 Κέντρο,"B1, B12, B2, B3",39.43686532315,19.97592086035
S428,Argyrades 3,Αργυράδες 3,"B1, B3",39.434180521943,19.979095090206
S429,Marathias 1,Μαραθιάς 1,"B1, B3",39.430687341456,19.988044376945
S430,Marathias 2,Μαραθιάς 2,"B1, B3",39.429637024476,19.991841631448
S549,Kiosk to Port (from Ring Road),Περίπτερο προς λιμάνι (απο περιφερειακό),B1,39.413134471362,20.089660385546
S462,Capo Di Corfu,Capo Di Corfu,B1,39.40370795972,20.096930039296
S463,Kavos 1,Κάβος 1,B1,39.401347335888,20.098190489189
S464,Kavos 2,Κάβος 2,B1,39.396838111677,20.102110934674
S548,Kavos,Κάβος 3 (Άγιος Προκόπιος),B1,39.391817684058,20.105737557858
S465,Kavos 4,Κάβος 4,B1,39.390598472719,20.106692215091
S466,Kavos,Κάβος 5 (κέντρο),B1,39.388312944235,20.109312325312
S467,Kavos,Κάβος 6 (τέρμα),B1,39.383935541723,20.113759913966
S442,Lefkimmi,Μπενίτσες (Avra),B1,39.421848140377,20.048474004697
S443,Lefkimmi 3 Lefka,Μπενίτσες (Potamaki Beach Hotel),B1,39.422203868251,20.05296625909
S444,Lefkimmi,Μπενίτσες (κέντρο),B1,39.421444783734,20.057570389509
S445,Lefkimmi 5 Kanari,Angsana Corfu,B1,39.421341858186,20.061759665226
S453,Agios Arsenios,Γέφυρα Kaiser,B1,39.423669526638,20.064551034224
S454,Gianitsis to Stadium,Aeolos Beach Resort,B1,39.423594946963,20.067878209344
S455,Old Bookstore,Eleals Boutique Hotel,B1,39.423373650675,20.069814012884
S456,Agioi Theodoroi,Coco Banana,B1,39.423067792639,20.072779870961
S457,Paparamou,Πέραμα,B1,39.422293841363,20.074573520287
S458,Potami,Aegli Hotel,B1,39.421138016981,20.07882591389
S459,Melikia 1 School,Hotel Argo,B1,39.420637478852,20.081869013719
S460,Melikia 2,Πάκια,B1,39.419269893105,20.082791315016
S547,Melikia 3,Αγία Κυριακή,B1,39.415491214744,20.088037735398
S461,Kiosk to Port,Κόμβος (Masoutis),B1,39.413646932998,20.089592468265
S391,Mesongi Camps,Μεσογγή κατασκηνώσεις,"B1, B12, B2, B7, B8",39.476351452661,19.929516611576
S392R,Kato Mesongi (3 K'S),Κάτω Μεσογγή (3 K'S),"B1, B12, B2, B7, B8",39.475473625835,19.93459348289
S393R,Kato Mesongi (Gemini Hotel),Κάτω Μεσογγή (Gemini Hotel),"B1, B12, B2, B7, B8",39.477936211963,19.933633941289
S394R,Kato Mesongi (Apollo Palace),Κάτω Μεσογγή (Apollo Palace),"B1, B12, B2, B7, B8",39.476746230998,19.932279731063
S391R,Mesongi Camps,Μεσογγή κατασκηνώσεις,"B1, B12, B2, B7, B8",39.476441513366,19.929585007904
S467R,Kavos,Κάβος 6 (τέρμα),B1,39.38407547652,20.113778689428
S466R,Kavos,Κάβος 5 (κέντρο),B1,39.388535271002,20.109206378058
S465R,Kavos 4,Κάβος 4,B1,39.390619201838,20.106741835957
S548R,Kavos,Κάβος 3 (Άγιος Προκόπιος),B1,39.391851886511,20.10578315542
S464R,Kavos 2,Κάβος 2,B1,39.396846402584,20.102180001554
S463R,Kavos 1,Κάβος 1,B1,39.401378424775,20.098245474472
S462R,Capo Di Corfu,Capo Di Corfu,B1,39.403615059052,20.096768503655
S461R,Kiosk to Port,Περίπτερο προς λιμάνι,B1,39.41365470385,20.08973194313
S547R,Melikia 3,Μελίκια 3,B1,39.415524369497,20.088126248292
S460R,Melikia 2,Μελίκια 2,B1,39.419267821045,20.082827524837
S459R,Melikia 1 School,Μελίκια 1 Σχολείο,B1,39.420749367818,20.081420414269
S458R,Potami,Ποτάμι,B1,39.421195515087,20.078833960516
S457R,Paparamou,Παπαράμου,B1,39.422323366933,20.074619788392
S456R,Agioi Theodoroi,Αγίοι θεοδώροι,B1,39.423201951099,20.072602845171
S455R,Old Bookstore,Παλαιό Βιβλιοπωλείο,B1,39.423402657804,20.069819377302
S454R,Gianitsis to Stadium,Γιανίτσης προς γήπεδο,B1,39.423617058544,20.067883539815
S453R,Agios Arsenios,Άγιος Αρσένιος,B1,39.423849410859,20.064089625979
S452R,Rouvelas (Ringglades Center),Ρούβελας (κέντρο Ριγγλάδων),B1,39.423356663499,20.062506277862
S444R,Lefkimmi,Λευκίμμη 4 (Φαρμακείο Λιάτικα),B1,39.421483115642,20.057538873554
S443R,Lefkimmi 3 Lefka,Λευκίμμη 3 Λεύκα,B1,39.422248933649,20.052961565224
S442R,Lefkimmi,Λευκίμμη 2 (Κέντρο Υγείας),B1,39.421900975938,20.04845388813
S550R,Mesongi 2 Junction (to City),Μεσογγή 2 κόμβος (προς πόλη),"B1, B12, B2, B3, B7, B8",39.478995389588,19.926934330015
S387R,Moraitika Paizanou,Μωραίτικα Παιζάνου,"B1, B12, B2, B3, B7, B8",39.482895750971,19.924647764727
S386R,Hotel Alkionis,Hotel Alkionis,"B1, B12, B2, B3, B7, B8",39.484157074001,19.925022023634
S385R,Moraitika (Coop),Μωραίτικα (Coop),"B1, B12, B2, B3, B7, B8",39.486138490579,19.925211718169
S384R,Delfinia Hotels,Delfinia Hotels,"B1, B12, B2, B3, B7, B8",39.487994383995,19.925927041944
S382R,Veroniki Apartments,Veroniki Apartments,"B1, B12, B2, B3, B7, B8",39.50015158723,19.925152913275
S381R,MarBella Nido,MarBella Nido,"B1, B12, B2, B3, B7, B8",39.505792207814,19.92371480137
S379R,MarBella Hotel (Junction),MarBella Hotel (διασταύρωση),"B1, B12, B2, B3, B7, B8",39.508878377417,19.923791845237
S378R,Avali Hotel,Avali Hotel,"B1, B12, B2, B3, B7, B8",39.512168007191,19.923092224425
S377R,Aurora Beach Hotel,Aurora Beach Hotel,"B1, B12, B2, B3, B7, B8",39.515971935065,19.924301772052
S376R,Valmar Hotel,Valmar Hotel,"B1, B12, B2, B3, B7, B8",39.519572388186,19.923489392573
S375R,Belvedere hotel,Belvedere hotel,"B1, B12, B2, B3, B7, B8",39.522131372897,19.922813019438
S374R,Tsaki (Bellos Beach Hotel),Τσάκι (Bellos Beach Hotel),"B1, B12, B2, B3, B7, B8",39.524713693277,19.922910620706
S373R,Spyros,Σπύρος,"B1, B12, B2, B3, B7, B8",39.529851371678,19.921162639788
S372R,Karina Hotel,Ξενοδοχείο Καρίνα,"B1, B12, B2, B3, B7, B8",39.534935170238,19.918487460288
S369R,Benitses (Avra),Μπενίτσες (Avra),"B1, B12, B2, B3, B7, B8",39.541260411808,19.914937427739
S368R,Benitses (Potamaki Beach Hotel),Μπενίτσες (Potamaki Beach Hotel),"B1, B12, B2, B3, B7, B8",39.544412042297,19.914534417439
S367R,Benitses (Center),Μπενίτσες (κέντρο),"B1, B12, B2, B3, B7, B8",39.546352130033,19.91359195206
S364R,Angsana Corfu,Angsana Corfu,"B1, B12, B2, B3, B7, B8",39.55515371892,19.912100059115
S363R,El Greco Hotel,El Greco Hotel,"B1, B12, B2, B3, B7, B8",39.558699177974,19.911341710224
S361R,Kaiser's Bridge,Γέφυρα Kaiser,"B1, B12, B2, B3, B7, B8",39.564565693407,19.910197828847
S360R,Aeolos Beach Resort,Aeolos Beach Resort,"B1, B12, B2, B3, B7, B8",39.568356471544,19.909280357576
S359R,Eleals Boutique Hotel,Eleals Boutique Hotel,"B1, B12, B2, B3, B7, B8",39.573288541277,19.911810868748
S358R,Coco Banana,Coco Banana,"B1, B12, B2, B3, B7, B8",39.576484357127,19.913413081081
S357R,Perama,Πέραμα,"B1, B12, B2, B3, B7, B8",39.579866043734,19.913239053664
S355R,Aegli Hotel,Aegli Hotel,"B1, B12, B2, B3, B7, B8",39.586087678234,19.914215058081
S354R,Hotel Argo,Hotel Argo,"B1, B12, B2, B3, B7, B8",39.585788075466,19.910134682489
S352R,Pakia,Πάκια,"B1, B12, B2, B3, B7, B8",39.586244924283,19.902718051736
S351R,Agia Kyriaki,Αγία Κυριακή,"B1, B12, B2, B3, B7, B8",39.589080309135,19.900486216067
S350R,Junction (Masoutis),Κόμβος (Masoutis),"B1, B12, B2, B3, B7, B8",39.590690250283,19.895784710144
S349R,Vryoni (Vyrou Junction),Βρυώνη (Διασταύρωση Βυρού),"B1, B10, B12, B13, B14, B2, B3, B7, B8, B9",39.592129472453,19.892691566251
S347R,Tsarou,Τσάρου,"B1, B10, B12, B13, B14, B2, B3, B7, B8, B9",39.599414045533,19.893830760374
S345R,Kanalia,Κανάλια,"B1, B10, B12, B13, B14, B2, B3, B7, B8, B9",39.606372026124,19.89446932684
S343R,Tria Gefyria,Τρία Γεφύρια,"B1, B10, B12, B13, B14, B2, B3, B7, B8, B9",39.611183492544,19.904951766109
S551R,Spatoulas,Σπάτουλας,"B1, B10, B12, B13, B14, B2, B3, B7, B8, B9",39.614485375085,19.90903471272
S549R,Kiosk to Port (to Ring Road),Περίπτερο προς λιμάνι (προς περιφερειακό),B1,39.413139799727,20.089762112967
S422,Kouspades,Κουσπάδες,"B12, B2",39.453825638781,19.979004740458
S423,Vasilatika,Βασιλάτικα,"B12, B2",39.454170228356,19.983868500632
S421R,Volimies,Βολιμιές,"B12, B2",39.450967948888,19.983378011144
S424,Agios Nikolaos 1,Άγιος Νικόλαος 1,"B12, B2",39.44489731131,19.994003602344
S574R,Agios Nikolaos 2,Άγιος Νικόλαος 2,"B12, B2",39.441320570514,19.996303675171
S449,Neochori,Νεοχώρι,B3,39.3939060735,20.076014961407
S476,Vryoni Agathou (to Agios Gordios),Βρυώνη Αγάθου (προς Άγιο Γόρδιο),"B10, B13, B14, B15, B16, B19, B8, B9",39.590151896064,19.893058517062
S480,Ponti,Ποντή,"B13, B8, B9",39.57315881438,19.892839100331
S481,Agioi Deka Junction,Διασταύρωση Αγίων Δέκα,"B13, B8, B9",39.565572005413,19.885070180212
S502,Kynopiastes,Κυνοπιάστες,"B8, B9",39.565901609419,19.880122795995
S503,Spatha,Σπαθά,"B8, B9",39.56394541901,19.869852548329
S482,Agioi Deka 1,Άγιοι Δέκα 1,"B13, B8",39.555002628786,19.887130188104
S483,Agioi Deka 2,Άγιοι Δέκα 2,"B13, B8",39.553007779086,19.887535524965
S484,Kogevina,Κογεβίνα,"B12, B13, B8",39.539295553055,19.897515189383
S485,Makrata,Μακράτα,"B12, B13, B8",39.538433347588,19.899805534176
S486,Loukata,Λουκάτα,"B12, B13, B8",39.537645304467,19.901392627843
S487,Dafnata,Δαφνάτα,"B12, B13, B8",39.5331577043,19.906577565552
S488,Stavros,Σταυρός,"B12, B13, B8",39.530350745989,19.906344678011
S487R,Dafnata,Δαφνάτα,"B12, B13, B8",39.533169599155,19.906627186418
S486R,Loukata,Λουκάτα,"B12, B13, B8",39.537657198554,19.901432190425
S485R,Makrata,Μακράτα,"B12, B13, B8",39.538464892411,19.899821627429
S484R,Kogevina,Κογεβίνα,"B12, B13, B8",39.53972838063,19.897570868984
S489,Korni,Κορνί,"B13, B8",39.526219480368,19.900775794905
S490,Kornata 1,Κορνάτα 1,"B13, B8",39.524136601154,19.902185806627
S491,Kornata 2,Κορνάτα 2,"B13, B8",39.522842561508,19.900736339758
S492,Kornata 3,Κορνάτα 3,"B13, B8",39.518164615274,19.900445055271
S493,Kornata 4,Κορνάτα 4,"B13, B8",39.517295457149,19.900742091855
S494,Strongyli 1,Στρογγυλή 1,"B13, B8",39.511014740702,19.910008907037
S495,Strongyli 2,Στρογγυλή 2,"B13, B8",39.509042973505,19.908876709842
S496,Strongyli 3,Στρογγυλή 3,"B13, B8",39.508042644729,19.909770044497
S497,Strongyli 4,Στρογγυλή 4,"B13, B8",39.506134314569,19.908948795517
S498,Strongyli 5,Στρογγυλή 5,"B13, B8",39.499698512286,19.909198849293
S499,Strongyli 6,Στρογγυλή 6,"B13, B8",39.497795452566,19.90874771473
S500,Episkopiana Junction,Διασταύρωση Επισκοπιανών,"B12, B13, B8",39.48475253067,19.911902599152
S501,Episkopiana,Επισκοπιανά,"B12, B13, B8",39.494443010678,19.918327086935
S500R,Episkopiana Junction,Διασταύρωση Επισκοπιανών,"B12, B13, B8",39.484820844343,19.911882482585
S395,Spilaio,Σπήλαιο,B8,39.464424916817,19.939657034423
S522R,Agios Mathaios 7,Άγιος Ματθαίος 7,"B13, B8",39.482785419717,19.890910173442
S521R,Agios Mathaios 6,Άγιος Ματθαίος 6,"B13, B8",39.491778944832,19.879553116383
S520R,Agios Mathaios 5,Άγιος Ματθαίος 5,"B13, B8",39.492607607029,19.877361722734
S519R,Agios Mathaios 4,Άγιος Ματθαίος 4,"B13, B8",39.493067412321,19.875076826198
S518R,Agios Mathaios 3,Άγιος Ματθαίος 3,"B13, B8",39.49468227878,19.872857020563
S517R,Agios Mathaios 2,Άγιος Ματθαίος 2,"B13, B8",39.49665875684,19.872505101712
S516R,Agios Mathaios 1,Άγιος Ματθαίος 1,"B13, B8",39.498069625061,19.874426347049
S515R,Vouniatades 2,Βουνιατάδες 2,"B13, B8",39.514225913183,19.878882915063
S514R,Vouniatades 1,Βουνιατάδες 1,"B13, B8",39.516273349614,19.878605158068
S503R,Spatha,Σπαθά,"B13, B8, B9",39.563910328067,19.869850651721
S502R,Kynopiastes,Κυνοπιάστες,"B13, B8, B9",39.565831307765,19.880213320546
S481R,Agioi Deka Junction,Διασταύρωση Αγίων Δέκα,"B12, B13, B8, B9",39.565562700743,19.885151987585
S480R,Ponti,Ποντή,"B12, B13, B8, B9",39.572921553295,19.892939575944
S476R,Vryoni Agathou (from Agios Gordios),Βρυώνη Αγάθου (από Άγιο Γόρδιο),"B10, B12, B13, B14, B8, B9",39.590181867143,19.893159099897
S506,Kato Pavliana,Κάτω Παυλιάνα,B9,39.524376733427,19.866457275871
S507,Ano Pavliana,Άνω Παυλιάνα,B9,39.521765072867,19.861392625797
S508,Pentati,Πεντάτι,B9,39.532432923301,19.847658847241
S507R,Ano Pavliana,Άνω Παυλιάνα,B9,39.521803349543,19.861380555857
S506R,Kato Pavliana,Κάτω Παυλιάνα,B9,39.524349320068,19.866456605319
S478,Agios Prokopios Junction,Διασταύρωση Αγίου Προκοπίου,"B10, B14, B15, B16, B19",39.585034861165,19.892841385597
S560,Agios Prokopios 1,Άγιος Προκόπης 1,"B10, B14, B15, B16, B19",39.57491924424,19.878182507174
S559,Agios Prokopios 2,Άγιος Προκόπης 2,"B10, B14, B15, B16, B19",39.572992148057,19.87559565375
S523,Agios Prokopios 3,Άγιος Προκόπης 3,"B10, B14, B15, B16, B19",39.571091940274,19.874720446035
S524,Kastellanoi 1,Καστελλάνοι 1,"B10, B14, B15, B16, B19",39.566374384674,19.867404703151
S525,Kastellanoi 2,Καστελλάνοι 2,"B10, B14, B15, B16, B19",39.567026755895,19.863861395226
S526,Kouramades Junction,Διασταύρωση Κουραμάδων,"B10, B14, B15, B16, B19",39.567345251763,19.859129672732
S527,Sinarades Junction,Κόμβος Σιναράδων,"B10, B14, B15, B16, B19",39.567552773933,19.854893098579
S529,Sinarades Junction,Διασταύρωση Σιναράδων,"B10, B14, B15, B16, B19",39.566195899721,19.850373502799
S561,Agios Gordios 1,Άγιος Γόρδιος 1,B10,39.552093564171,19.849793758099
S531,Agios Gordios,Άγιος Γόρδιος 2 (τέρμα),B10,39.547492735922,19.85431696
S528,Aerostato,Αερόστατο,"B10, B14",39.569197017514,19.844716991194
S562,Aerostato (Junction),Αερόστατο (διασταύρωση),"B10, B14, B15, B16, B19",39.574737950947,19.844102577643
S561R,Agios Gordios 1,Άγιος Γόρδιος 1,B10,39.552115279284,19.849843378965
S529R,Sinarades Junction,Διασταύρωση Σιναράδων,"B10, B14",39.566873948079,19.850383780361
S527R,Sinarades Junction,Κόμβος Σιναράδων,"B10, B14, B15, B16, B19",39.567482383614,19.854993880296
S526R,Kouramades Junction,Διασταύρωση Κουραμάδων,"B10, B14",39.567255078462,19.859205587941
S525R,Kastellanoi 2,Καστελλάνοι 2,"B10, B14",39.566959785508,19.863816240973
S524R,Kastellanoi 1,Καστελλάνοι 1,"B10, B14",39.566340267936,19.867416773091
S523R,Agios Prokopios 3,Άγιος Προκόπης 3,"B10, B14",39.571083153229,19.87475799696
S559R,Agios Prokopios 2,Άγιος Προκόπης 2,"B10, B14",39.572992664928,19.875644604063
S560R,Agios Prokopios 1,Άγιος Προκόπης 1,"B10, B14",39.574898053123,19.878207988159
S478R,Agios Prokopios Junction,Διασταύρωση Αγίου Προκοπίου,"B10, B14",39.584974914542,19.892857478851
S344R,Kallithea,Καλλιθέα,"B10, B14",39.609277454674,19.899267360325
S576,Lioumba (to Episkopiana),Λιούμπα (προς Επισκοπιανά),B12,39.47748220924,19.91205619995
S499R,Strongyli 6,Στρογγυλή 6,"B12, B13",39.497774755323,19.908790630073
S498R,Strongyli 5,Στρογγυλή 5,"B12, B13",39.499688840687,19.909251163692
S497R,Strongyli 4,Στρογγυλή 4,"B12, B13",39.506134831938,19.908994393069
S496R,Strongyli 3,Στρογγυλή 3,"B12, B13",39.508063338915,19.909792843273
S495R,Strongyli 2,Στρογγυλή 2,"B12, B13",39.509070200849,19.908931866074
S494R,Strongyli 1,Στρογγυλή 1,"B12, B13",39.510993530063,19.910059198454
S493R,Kornata 4,Κορνάτα 4,"B12, B13",39.517311493007,19.900794394929
S492R,Kornata 3,Κορνάτα 3,"B12, B13",39.518161511598,19.900488641166
S491R,Kornata 2,Κορνάτα 2,"B12, B13",39.522858078842,19.900790654489
S490R,Kornata 1,Κορνάτα 1,"B12, B13",39.524126047455,19.902360930387
S489R,Korni,Κορνί,"B12, B13",39.526212756516,19.900820051353
S483R,Agioi Deka 2,Άγιοι Δέκα 2,"B12, B13",39.553011363513,19.887565671359
S482R,Agioi Deka 1,Άγιοι Δέκα 1,"B12, B13",39.555012551602,19.887168797604
S477R,Italiko,Ιταλικό,"B12, B13",39.587545938673,19.892912646213
S318,Agiou Noufri Junction,Διασταύρωση Αγίου Νούφρη,"B14, B15, B16, B19",39.6079930899,19.811648376427
S563,Vatos Camping,Camping Βάτου,"B14, B15, B16, B19",39.610894931601,19.800516324078
S564,Teza,Τέζα 1 (προς Γλυφάδα),"B14, B15, B16, B19",39.610456492555,19.795441691566
S320,Teza 3,Τέζα 3,"B14, B15, B16, B19",39.60860561592,19.797232930323
S322,Vatos Junction,Διασταύρωση Βάτου,"B14, B15, B16, B19",39.604083042201,19.799484215706
S323,Myrtiotissa Junction,Διασταύρωση Μυρτιώτισσας,"B14, B15, B16, B19",39.603414644139,19.801724759625
S324,Loggou,Λόγγου,"B14, B15, B16, B19",39.597448982914,19.810942587677
S323R,Myrtiotissa Junction,Διασταύρωση Μυρτιώτισσας,"B14, B15, B16, B19",39.603415677427,19.801769016072
S322R,Vatos Junction,Διασταύρωση Βάτου,"B14, B15, B16, B19",39.604115407482,19.799553064718
S320R,Teza 3,Τέζα 3,"B14, B15, B16, B19",39.608616544898,19.797284437706
S321,Teza 2,Τέζα 2,"B14, B15, B16, B19",39.610760374383,19.794198323741
S327,Ermones Bridge,Έρμονες γεφύρι,"B14, B15, B16, B19",39.611916901627,19.783275315359
S321R,Teza 2,Τέζα 2,"B14, B15, B16, B19",39.610757611958,19.794299011527
S319R,Teza 1,Τέζα 1,"B14, B15, B16, B19",39.610589152431,19.795530637289
S563R,Vatos Camping,Camping Βάτου,"B14, B15, B16, B19",39.610873892312,19.800486139513
S318R,Agiou Noufri Junction,Διασταύρωση Αγίου Νούφρη,"B14, B15, B16, B19",39.607896407427,19.811730919892
S317R,Kokkini 2,Κοκκίνι 2,"B14, B15, B16, B19",39.610508843475,19.812920675388
S316R,Kokkini 1,Κοκκίνι 1,"B14, B15, B16, B19",39.613157999565,19.817254400797
S315R,Kefalovrysο 2,Κεφαλόβρυσο 2,"B14, B15, B16, B19",39.614850405525,19.819222031884
S319,Teza 1,Τέζα 1,"B14, B15, B16, B19",39.610675233212,19.795641000548
S343,Tria Gefyria,Τρία Γεφύρια,"B15, B16, B19",39.611287065556,19.90471464358
S297,Kato Koulines,Κάτω Κουλίνες,"B15, B16, B19",39.61463074896,19.903439924393
S298,Chavai (Folies Apartments),Χαβάη (Folies Apartments),"B15, B16, B19",39.616924844424,19.897580145218
S299,Mamaloi Alepou,Μάμαλοι Αλεπούς,"B15, B16, B19",39.616049973839,19.89575327522
S300,Gerogiannis,Γερογιάννης,"B15, B16, B19",39.613546108916,19.889308426104
S301,Alepou,Αλεπού,"B15, B16, B19",39.612822155367,19.886014742914
S302,Gefyraki,Γεφυράκι,"B15, B16, B19",39.611292287539,19.882331651987
S303,Λαυράνου,Λαυράνου,"B15, B16, B19",39.609936445729,19.878378882525
S305,Triklino,Τρίκλινο,"B15, B16, B19",39.607105700809,19.869759360268
S307,Doulou,Δούλου,"B15, B16, B19",39.606823233558,19.859120794095
S308,Peleka Junction,Διασταύρωση Πέλεκα,"B15, B16, B19",39.608931375301,19.854662235294
S310,Afra Junction,Διασταύρωση Άφρας,"B15, B16, B19",39.618044098014,19.839162157363
S311,Aqualand Corfu Water Park,Aqualand Corfu Water Park,"B15, B16, B19",39.618274745953,19.836580638177
S312,Vasilika,Bασιλικά,"B16, B19",39.620430777606,19.829936233996
S313,Moraiti Camps,Κατασκηνώσεις Μωραίτη,"B16, B19",39.61916093509,19.825340619586
S314,Kefalovrysο,Κεφαλόβρυσο 1 (κόμβος),"B16, B19",39.617415353624,19.820670149447
S315,Kefalovrysο 2,Κεφαλόβρυσο 2,"B16, B19",39.614873134099,19.819173081571
S316,Kokkini 1,Κοκκίνι 1,"B16, B19",39.613231220466,19.817233655758
S317,Kokkini 2,Κοκκίνι 2,"B16, B19",39.610534156429,19.812864349
S324R,Loggou,Λόγγου,"B16, B19",39.597379746632,19.810906377856
S325,Vatos 1,Βάτος 1,"B16, B19",39.607230509807,19.792487312968
S326,Vatos,Βάτος 2 (κέντρο),"B16, B19",39.608172777023,19.791059342256
S803,Agios Ioannis School,Σχολείο Αγιου Ιωαννη,"B16, B19",39.615093925874,19.837159012043
S328,Giannades 1,Γιαννάδες 1,"B16, B19",39.630091406667,19.771688747999
S329,Giannades 2,Γιαννάδες 2,"B16, B19",39.631968078045,19.76337275669
S330,Giannades,Γιαννάδες 3 (κέντρο),"B16, B19",39.632041812861,19.76196294783
S329R,Giannades 2,Γιαννάδες 2,"B16, B19",39.631952054438,19.763344132754
S328R,Giannades 1,Γιαννάδες 1,"B16, B19",39.630076859902,19.771654084733
S331,Marmaro,Μάρμαρο,"B16, B19",39.643771888657,19.763263056928
S332,Kanakades,Κανακάδες,"B16, B19",39.650615390995,19.762878290144
